Location,Depth,DOY,REP,Species_Code,Species_Name,Cell_Density_L,Biomass_mg_m3,Length_um,Width_um,Cell_Volume_um3,Group,Description_Code,Phylum,Family,Genus,Species,name_code
Buffalo Pound,0.8,149,REP1,P1078,Planktothrix agardhii (Gom.) Anagnostidis and Komarek,200,1.34,463,4.3,6723.7,Cyanophyte,PHYT,Cyanophyta,Oscillatotiaceae,Planktothrix,agardhii,Pla.aga
Buffalo Pound,0.8,149,REP1,P1133,Anabaena flos-aquae (Lyngb.) Breb. & Bornet,1000,2.66,146,5.9,2661.1,Cyanophyte,PHYT,Cyanophyta,Nostocaceae,Anabaena,flos-aquae,Ana.flo
Buffalo Pound,0.8,149,REP1,P2105,Chlamydomonas spp.,7184,0.18,5.2,3,24.5,Chlorophyte,PHYT,Chlorophyta,Chlamydomonadaceae,Chlamydomonas,spp.,Chl.spp
Buffalo Pound,0.8,149,REP1,P2113,Pediastrum duplex Meyen,400,0.86,0,0,2150,Chlorophyte,PHYT,Chlorophyta,Hydrodictyaceae,Pediastrum,duplex,Ped.dup
Buffalo Pound,0.8,149,REP1,P2121,Oocystis lacustris Chodat,7184,0.36,6,4,50.3,Chlorophyte,PHYT,Chlorophyta,Oocystaceae,Oocystis,lacustris,Ooc.lac
Buffalo Pound,0.8,149,REP1,P2167,Elakatothrix gelatinosa Willen,114944,2.16,12,2,18.8,Chlorophyte,PHYT,Chlorophyta,Coccomyxaceae,Elakatothrix,gelatinosa,Ela.gel
Buffalo Pound,0.8,149,REP1,P2204,Ankyra judayi (G.M. Smith) Fott,86208,5.2,15,3.2,60.3,Chlorophyte,PHYT,Chlorophyta,Oocystaceae,Ankrya,judai,Ank.jud
Buffalo Pound,0.8,149,REP1,P4351,Small chrysophyceae,172416,2.43,3,3,14.1,Chrysophyte,PHYT,Chrysophyta,.,Small chrysophyceae,.,Sma..
Buffalo Pound,0.8,149,REP1,P4352,Large chrysophyceae,93392,16.77,7,7,179.6,Chrysophyte,PHYT,Chrysophyta,.,Large chrysophyceae,.,Lar..
Buffalo Pound,0.8,149,REP1,P4355,Chrysochromulina parva Lackey,617824,40.41,5,5,65.4,Chrysophyte,PHYT,Chrysophyta,Prymnesiaceae,Chrysochromulina,parva,Chr.par
Buffalo Pound,0.8,149,REP1,P4388,Dinobryon sertularia Ehrenberg,35920,8.13,12,6,226.2,Chrysophyte,PHYT,Chrysophyta,Dinobryoaceae,Dinobryon,sertularia,Din.ser
Buffalo Pound,0.8,149,REP1,P4388,Dinobryon sertularia Ehrenberg,4800,6,0,0,1250,Chrysophyte,PHYT,Chrysophyta,Dinobryoaceae,Dinobryon,sertularia,Din.ser
Buffalo Pound,0.8,149,REP1,P4418,Salpingoeca frequentissima (Zach.) Lemmermann,43104,1.56,6,3.4,36.3,Chrysophyte,PHYT,Chrysophyta,Craspedomonadaceae,Salpingoeca,frequentissima,Sal.fre
Buffalo Pound,0.8,149,REP1,P5515,Fragilaria crotonensis Kitton,11000,3.82,83,4,347.7,Diatom,PHYT,Chrysophyta,Fragilarioideae,Fragilaria,crotonensis,Fra.cro
Buffalo Pound,0.8,149,REP1,P5524,Asterionella formosa Hassall,659800,55.95,81,2,84.8,Diatom,PHYT,Chrysophyta,Fragilarioideae,Asterionella,formosa,Ast.for
Buffalo Pound,0.8,149,REP1,P6554,Rhodomonas minuta Skuja,933920,143.17,12.2,6,153.3,Cryptophyte,PHYT,Pyrrhophyta,Cryptomonadaceae,Rhodomonas,minuta,Rho.min
Buffalo Pound,0.8,149,REP1,P6558,Cryptomonas erosa Ehrenberg,91800,129.2,28,12,1407.4,Cryptophyte,PHYT,Pyrrhophyta,Cryptomonadaceae,Cryptomonas,erosa,Cry.ero
Buffalo Pound,0.8,149,REP1,P6562,Cryptomonas reflexa (Marsson) Skuja,33000,29.95,26,10,907.6,Cryptophyte,PHYT,Pyrrhophyta,Cryptomonadaceae,Cryptomonas,reflexa,Cry.ref
Buffalo Pound,0.8,149,REP1,P6565,Cryptomonas rostratiformis Skuja,13000,35.58,40,14,2736.7,Cryptophyte,PHYT,Pyrrhophyta,Cryptomonadaceae,Cryptomonas,rostratiformis,Cry.ros
Buffalo Pound,0.8,149,REP1,P6568,Katablepharis ovalis Skuja,7184,0.37,8.6,4,51.6,Cryptophyte,PHYT,Pyrrhophyta,Katablepharidaceae,Katablepharis,ovalis,Kat.ova
Buffalo Pound,0.8,149,REP1,P7631,Gymnodinium helveticum Penard,200,4.71,50,30,23561.9,Dinoflagellate,PHYT,Pyrrhophyta,Gymnodinaceae,Gymnodinium,helveticum,Gym.hel
Buffalo Pound,0.8,154,REP1,P1132,Anabaena crassa (Lemm.) Kom-Legn. & Crongerg,600,6.14,188,10.2,10241.3,Cyanophyte,PHYT,Cyanophyta,Nostocaceae,Anabaena,crassa,Ana.cra
Buffalo Pound,0.8,154,REP1,P1133,Anabaena flos-aquae (Lyngb.) Breb. & Bornet,2200,9.6,210,6.3,4364.1,Cyanophyte,PHYT,Cyanophyta,Nostocaceae,Anabaena,flos-aquae,Ana.flo
Buffalo Pound,0.8,154,REP1,P2105,Chlamydomonas spp.,35920,1.68,5.6,4,46.9,Chlorophyte,PHYT,Chlorophyta,Chlamydomonadaceae,Chlamydomonas,spp.,Chl.spp
Buffalo Pound,0.8,154,REP1,P2113,Pediastrum duplex Meyen,200,0.39,0,0,1925,Chlorophyte,PHYT,Chlorophyta,Hydrodictyaceae,Pediastrum,duplex,Ped.dup
Buffalo Pound,0.8,154,REP1,P2178,Cosmarium sp.,200,0.28,20,20,1396.3,Chlorophyte,PHYT,Chlorophyta,Desmidiaceae,Cosmarium,sp.,Cos.sp.
Buffalo Pound,0.8,154,REP1,P2204,Ankyra judayi (G.M. Smith) Fott,438224,24.8,15,3.1,56.6,Chlorophyte,PHYT,Chlorophyta,Oocystaceae,Ankrya,judai,Ank.jud
Buffalo Pound,0.8,154,REP1,P4351,Small chrysophyceae,229888,2.94,2.9,2.9,12.8,Chrysophyte,PHYT,Chrysophyta,.,Small chrysophyceae,.,Sma..
Buffalo Pound,0.8,154,REP1,P4352,Large chrysophyceae,7184,1.29,7,7,179.6,Chrysophyte,PHYT,Chrysophyta,.,Large chrysophyceae,.,Lar..
Buffalo Pound,0.8,154,REP1,P4355,Chrysochromulina parva Lackey,301728,19.73,5,5,65.4,Chrysophyte,PHYT,Chrysophyta,Prymnesiaceae,Chrysochromulina,parva,Chr.par
Buffalo Pound,0.8,154,REP1,P4364,Mallomonas caudata Ivanov,1800,97.23,403,16,54018.6,Chrysophyte,PHYT,Chrysophyta,Synuraceae,Mallomonas,caudata,Mal.cau
Buffalo Pound,0.8,154,REP1,P4388,Dinobryon sertularia Ehrenberg,129312,29.25,12,6,226.2,Chrysophyte,PHYT,Chrysophyta,Dinobryoaceae,Dinobryon,sertularia,Din.ser
Buffalo Pound,0.8,154,REP1,P4388,Dinobryon sertularia Ehrenberg,11200,14,0,0,1250,Chrysophyte,PHYT,Chrysophyta,Dinobryoaceae,Dinobryon,sertularia,Din.ser
Buffalo Pound,0.8,154,REP1,P4401,Uroglena volvox Ehrenberg,71840,8.13,6,6,113.1,Chrysophyte,PHYT,Chrysophyta,Ochromonadaceae,Uroglena,volvox,Uro.vol
Buffalo Pound,0.8,154,REP1,P4418,Salpingoeca frequentissima (Zach.) Lemmermann,280176,9.58,6,3.3,34.2,Chrysophyte,PHYT,Chrysophyta,Craspedomonadaceae,Salpingoeca,frequentissima,Sal.fre
Buffalo Pound,0.8,154,REP1,P5509,Cyclotella ocellata Pant.,28736,3.59,4.3,8.6,124.9,Diatom,PHYT,Chrysophyta,Coscinodiscoideae,Cyclotella,ocellata,Cyc.oce
Buffalo Pound,0.8,154,REP1,P5524,Asterionella formosa Hassall,383800,36.15,90,2,94.2,Diatom,PHYT,Chrysophyta,Fragilarioideae,Asterionella,formosa,Ast.for
Buffalo Pound,0.8,154,REP1,P5540,Aulacoseira italica v subarctica (O. Muller) Simonsen,400,5.03,379,6.5,12576.4,Diatom,PHYT,Chrysophyta,Melosiroideae,Aulacoseira,italica,Aul.ita
Buffalo Pound,0.8,154,REP1,P5551,Cyclotella michiganiana Skvortzow,201152,4.93,2.5,5,24.5,Diatom,PHYT,Chrysophyta,Coscinodiscoideae,Cyclotella,michiganiana,Cyc.mic
Buffalo Pound,0.8,154,REP1,P6554,Rhodomonas minuta Skuja,251440,30.27,11,5.6,120.4,Cryptophyte,PHYT,Pyrrhophyta,Cryptomonadaceae,Rhodomonas,minuta,Rho.min
Buffalo Pound,0.8,154,REP1,P6558,Cryptomonas erosa Ehrenberg,74800,106.4,28.3,12,1422.5,Cryptophyte,PHYT,Pyrrhophyta,Cryptomonadaceae,Cryptomonas,erosa,Cry.ero
Buffalo Pound,0.8,154,REP1,P6562,Cryptomonas reflexa (Marsson) Skuja,66600,53.47,23,10,802.9,Cryptophyte,PHYT,Pyrrhophyta,Cryptomonadaceae,Cryptomonas,reflexa,Cry.ref
Buffalo Pound,0.8,154,REP1,P6565,Cryptomonas rostratiformis Skuja,8200,23.56,42,14,2873.5,Cryptophyte,PHYT,Pyrrhophyta,Cryptomonadaceae,Cryptomonas,rostratiformis,Cry.ros
Buffalo Pound,0.8,154,REP1,P7640,Peridinium goslaviense Woloszynska,200,6.7,40,40,33510.3,Dinoflagellate,PHYT,Pyrrhophyta,Peridiniaceae,Peridinium,goslaviense,Per.gos
Buffalo Pound,0.8,163,REP1,P1078,Planktothrix agardhii (Gom.) Anagnostidis and Komarek,1800,20.36,400,6,11309.7,Cyanophyte,PHYT,Cyanophyta,Oscillatotiaceae,Planktothrix,agardhii,Pla.aga
Buffalo Pound,0.8,163,REP1,P1133,Anabaena flos-aquae (Lyngb.) Breb. & Bornet,110800,1009.92,425,6.4,9114.8,Cyanophyte,PHYT,Cyanophyta,Nostocaceae,Anabaena,flos-aquae,Ana.flo
Buffalo Pound,0.8,163,REP1,P2105,Chlamydomonas spp.,172416,7.95,5.5,4,46.1,Chlorophyte,PHYT,Chlorophyta,Chlamydomonadaceae,Chlamydomonas,spp.,Chl.spp
Buffalo Pound,0.8,163,REP1,P2113,Pediastrum duplex Meyen,800,2.16,0,0,2700,Chlorophyte,PHYT,Chlorophyta,Hydrodictyaceae,Pediastrum,duplex,Ped.dup
Buffalo Pound,0.8,163,REP1,P2130,Scenedesmus quadricauda (Turp.) Brebisson,114944,4.16,8,3.6,36.2,Chlorophyte,PHYT,Chlorophyta,Scenedesmaceae,Scenedesmus,quadricauda,Sce.qua
Buffalo Pound,0.8,163,REP1,P2136,Dictyosphaerium pulchellum Wood,64656,7.31,6,6,113.1,Chlorophyte,PHYT,Chlorophyta,Oocystaceae,Dictyosphaerium,pulchellum,Dic.pul
Buffalo Pound,0.8,163,REP1,P2235,Ankistrodesmus spiralis Lemmermann,21552,0.91,27,2,42.4,Chlorophyte,PHYT,Chlorophyta,Oocystaceae,Ankistrodesmus,spiralis,Ank.spi
Buffalo Pound,0.8,163,REP1,P3301,Euglena acus Ehrenberg,400,3.2,106,12,7992.2,Euglenophyte,PHYT,Euglenophyta,Euglenaceae,Euglena,acus,Eug.acu
Buffalo Pound,0.8,163,REP1,P4351,Small chrysophyceae,502880,6.44,2.9,2.9,12.8,Chrysophyte,PHYT,Chrysophyta,.,Small chrysophyceae,.,Sma..
Buffalo Pound,0.8,163,REP1,P4352,Large chrysophyceae,150864,27.1,7,7,179.6,Chrysophyte,PHYT,Chrysophyta,.,Large chrysophyceae,.,Lar..
Buffalo Pound,0.8,163,REP1,P4355,Chrysochromulina parva Lackey,28736,1.88,5,5,65.4,Chrysophyte,PHYT,Chrysophyta,Prymnesiaceae,Chrysochromulina,parva,Chr.par
Buffalo Pound,0.8,163,REP1,P4388,Dinobryon sertularia Ehrenberg,251440,56.88,12,6,226.2,Chrysophyte,PHYT,Chrysophyta,Dinobryoaceae,Dinobryon,sertularia,Din.ser
Buffalo Pound,0.8,163,REP1,P4418,Salpingoeca frequentissima (Zach.) Lemmermann,811792,27.76,6,3.3,34.2,Chrysophyte,PHYT,Chrysophyta,Craspedomonadaceae,Salpingoeca,frequentissima,Sal.fre
Buffalo Pound,0.8,163,REP1,P5515,Fragilaria crotonensis Kitton,16200,5.84,86,4,360.2,Diatom,PHYT,Chrysophyta,Fragilarioideae,Fragilaria,crotonensis,Fra.cro
Buffalo Pound,0.8,163,REP1,P5524,Asterionella formosa Hassall,19000,2.01,101,2,105.8,Diatom,PHYT,Chrysophyta,Fragilarioideae,Asterionella,formosa,Ast.for
Buffalo Pound,0.8,163,REP1,P5551,Cyclotella michiganiana Skvortzow,86208,2.11,2.5,5,24.5,Diatom,PHYT,Chrysophyta,Coscinodiscoideae,Cyclotella,michiganiana,Cyc.mic
Buffalo Pound,0.8,163,REP1,P6554,Rhodomonas minuta Skuja,395120,33.11,10,4.9,83.8,Cryptophyte,PHYT,Pyrrhophyta,Cryptomonadaceae,Rhodomonas,minuta,Rho.min
Buffalo Pound,0.8,163,REP1,P6558,Cryptomonas erosa Ehrenberg,60200,84.73,28,12,1407.4,Cryptophyte,PHYT,Pyrrhophyta,Cryptomonadaceae,Cryptomonas,erosa,Cry.ero
Buffalo Pound,0.8,163,REP1,P6562,Cryptomonas reflexa (Marsson) Skuja,21200,17.76,24,10,837.8,Cryptophyte,PHYT,Pyrrhophyta,Cryptomonadaceae,Cryptomonas,reflexa,Cry.ref
Buffalo Pound,0.8,163,REP1,P6565,Cryptomonas rostratiformis Skuja,17600,48.17,40,14,2736.7,Cryptophyte,PHYT,Pyrrhophyta,Cryptomonadaceae,Cryptomonas,rostratiformis,Cry.ros
Buffalo Pound,0.8,163,REP1,P6568,Katablepharis ovalis Skuja,7184,0.3,7.7,4,41.4,Cryptophyte,PHYT,Pyrrhophyta,Katablepharidaceae,Katablepharis,ovalis,Kat.ova
Buffalo Pound,0.8,163,REP1,P7640,Peridinium goslaviense Woloszynska,1800,60.32,40,40,33510.3,Dinoflagellate,PHYT,Pyrrhophyta,Peridiniaceae,Peridinium,goslaviense,Per.gos
Buffalo Pound,0.8,170,REP1,P1076,Woronichinia compacta (Lemmermann) Komarek and Hindak,4400,3.08,0,0,700,Cyanophyte,PHYT,Cyanophyta,Microcystaceae,Woronichinia,compacta,Wor.com
Buffalo Pound,0.8,170,REP1,P1133,Anabaena flos-aquae (Lyngb.) Breb. & Bornet,5600,27.28,250,6.1,4870.8,Cyanophyte,PHYT,Cyanophyta,Nostocaceae,Anabaena,flos-aquae,Ana.flo
Buffalo Pound,0.8,170,REP1,P2105,Chlamydomonas spp.,21552,0.56,5.5,3,25.9,Chlorophyte,PHYT,Chlorophyta,Chlamydomonadaceae,Chlamydomonas,spp.,Chl.spp
Buffalo Pound,0.8,170,REP1,P2121,Oocystis lacustris Chodat,57472,2.89,6,4,50.3,Chlorophyte,PHYT,Chlorophyta,Oocystaceae,Oocystis,lacustris,Ooc.lac
Buffalo Pound,0.8,170,REP1,P2174,Closterium sp.,1400,0.67,76,4,477.5,Chlorophyte,PHYT,Chlorophyta,Closteriaceae,Closterium,sp.,Clo.sp.
Buffalo Pound,0.8,170,REP1,P2204,Ankyra judayi (G.M. Smith) Fott,114944,6.94,16,3.1,60.4,Chlorophyte,PHYT,Chlorophyta,Oocystaceae,Ankrya,judai,Ank.jud
Buffalo Pound,0.8,170,REP1,P4351,Small chrysophyceae,617824,5.68,2.6,2.6,9.2,Chrysophyte,PHYT,Chrysophyta,.,Small chrysophyceae,.,Sma..
Buffalo Pound,0.8,170,REP1,P4355,Chrysochromulina parva Lackey,100576,6.58,5,5,65.4,Chrysophyte,PHYT,Chrysophyta,Prymnesiaceae,Chrysochromulina,parva,Chr.par
Buffalo Pound,0.8,170,REP1,P4388,Dinobryon sertularia Ehrenberg,400,0.5,0,0,1250,Chrysophyte,PHYT,Chrysophyta,Dinobryoaceae,Dinobryon,sertularia,Din.ser
Buffalo Pound,0.8,170,REP1,P4418,Salpingoeca frequentissima (Zach.) Lemmermann,57472,2.89,6,4,50.3,Chrysophyte,PHYT,Chrysophyta,Craspedomonadaceae,Salpingoeca,frequentissima,Sal.fre
Buffalo Pound,0.8,170,REP1,P5515,Fragilaria crotonensis Kitton,9400,4.06,103,4,431.4,Diatom,PHYT,Chrysophyta,Fragilarioideae,Fragilaria,crotonensis,Fra.cro
Buffalo Pound,0.8,170,REP1,P5524,Asterionella formosa Hassall,4200,0.44,100,2,104.7,Diatom,PHYT,Chrysophyta,Fragilarioideae,Asterionella,formosa,Ast.for
Buffalo Pound,0.8,170,REP1,P6554,Rhodomonas minuta Skuja,35920,2.23,9.6,4.3,62,Cryptophyte,PHYT,Pyrrhophyta,Cryptomonadaceae,Rhodomonas,minuta,Rho.min
Buffalo Pound,0.8,170,REP1,P6558,Cryptomonas erosa Ehrenberg,27600,38.84,28,12,1407.4,Cryptophyte,PHYT,Pyrrhophyta,Cryptomonadaceae,Cryptomonas,erosa,Cry.ero
Buffalo Pound,0.8,170,REP1,P6565,Cryptomonas rostratiformis Skuja,7200,19.7,40,14,2736.7,Cryptophyte,PHYT,Pyrrhophyta,Cryptomonadaceae,Cryptomonas,rostratiformis,Cry.ros
Buffalo Pound,0.8,170,REP1,P6568,Katablepharis ovalis Skuja,28736,1.28,8,4,44.7,Cryptophyte,PHYT,Pyrrhophyta,Katablepharidaceae,Katablepharis,ovalis,Kat.ova
Buffalo Pound,0.8,186,REP2,P1041,Aphanizomenon flos-aquae Ralfs and Born.,200,0.5,200,4,2513.3,Cyanophyte,PHYT,Cyanophyta,Nostocaceae,Aphanizomenon,flos-aquae,Aph.flo
Buffalo Pound,0.8,186,REP2,P1132,Anabaena crassa (Lemm.) Kom-Legn. & Crongerg,32400,605.51,330,10.4,18688.7,Cyanophyte,PHYT,Cyanophyta,Nostocaceae,Anabaena,crassa,Ana.cra
Buffalo Pound,0.8,186,REP2,P1133,Anabaena flos-aquae (Lyngb.) Breb. & Bornet,180200,1316.58,375,6.1,7306.2,Cyanophyte,PHYT,Cyanophyta,Nostocaceae,Anabaena,flos-aquae,Ana.flo
Buffalo Pound,0.8,186,REP2,P2109,Volvox aureus  Ehrenberg,3400,9.11,0,0,2680,Chlorophyte,PHYT,Chlorophyta,Volvocaceae,Volvox,aureus,Vol.aur
Buffalo Pound,0.8,186,REP2,P2113,Pediastrum duplex Meyen,400,0.79,0,0,1965,Chlorophyte,PHYT,Chlorophyta,Hydrodictyaceae,Pediastrum,duplex,Ped.dup
Buffalo Pound,0.8,186,REP2,P2121,Oocystis lacustris Chodat,438224,22.04,6,4,50.3,Chlorophyte,PHYT,Chlorophyta,Oocystaceae,Oocystis,lacustris,Ooc.lac
Buffalo Pound,0.8,186,REP2,P2136,Dictyosphaerium pulchellum Wood,1041680,117.81,6,6,113.1,Chlorophyte,PHYT,Chlorophyta,Oocystaceae,Dictyosphaerium,pulchellum,Dic.pul
Buffalo Pound,0.8,186,REP2,P2204,Ankyra judayi (G.M. Smith) Fott,28736,2.89,16,4,100.5,Chlorophyte,PHYT,Chlorophyta,Oocystaceae,Ankrya,judai,Ank.jud
Buffalo Pound,0.8,186,REP2,P3304,Phacus sp.,200,1.49,99,12,7464.4,Euglenophyte,PHYT,Euglenophyta,Euglenaceae,Phacus,sp.,Pha.sp.
Buffalo Pound,0.8,186,REP2,P4355,Chrysochromulina parva Lackey,71840,4.7,5,5,65.4,Chrysophyte,PHYT,Chrysophyta,Prymnesiaceae,Chrysochromulina,parva,Chr.par
Buffalo Pound,0.8,186,REP2,P4401,Uroglena volvox Ehrenberg,1731344,195.82,6,6,113.1,Chrysophyte,PHYT,Chrysophyta,Ochromonadaceae,Uroglena,volvox,Uro.vol
Buffalo Pound,0.8,186,REP2,P4418,Salpingoeca frequentissima (Zach.) Lemmermann,21552,0.69,6,3.2,32.2,Chrysophyte,PHYT,Chrysophyta,Craspedomonadaceae,Salpingoeca,frequentissima,Sal.fre
Buffalo Pound,0.8,186,REP2,P5514,Tabellaria flocculosa (Roth) Kutzing,400,0.53,26,14,1334.1,Diatom,PHYT,Chrysophyta,Tabellarioideae,Tabellaria,flocculsa,Tab.flo
Buffalo Pound,0.8,186,REP2,P5515,Fragilaria crotonensis Kitton,196600,98.83,120,4,502.7,Diatom,PHYT,Chrysophyta,Fragilarioideae,Fragilaria,crotonensis,Fra.cro
Buffalo Pound,0.8,186,REP2,P6554,Rhodomonas minuta Skuja,57472,8.67,12,6,150.8,Cryptophyte,PHYT,Pyrrhophyta,Cryptomonadaceae,Rhodomonas,minuta,Rho.min
Buffalo Pound,0.8,186,REP2,P6558,Cryptomonas erosa Ehrenberg,6800,9.19,26.9,12,1352.1,Cryptophyte,PHYT,Pyrrhophyta,Cryptomonadaceae,Cryptomonas,erosa,Cry.ero
Buffalo Pound,0.8,186,REP2,P6565,Cryptomonas rostratiformis Skuja,7000,19.16,40,14,2736.7,Cryptophyte,PHYT,Pyrrhophyta,Cryptomonadaceae,Cryptomonas,rostratiformis,Cry.ros
Buffalo Pound,0.8,186,REP2,P7640,Peridinium goslaviense Woloszynska,400,13.4,40,40,33510.3,Dinoflagellate,PHYT,Pyrrhophyta,Peridiniaceae,Peridinium,goslaviense,Per.gos
Buffalo Pound,0.8,186,REP2,P7644,Ceratium hirundinella (Muller) Schrank,2400,126.67,63,40,52778.8,Dinoflagellate,PHYT,Pyrrhophyta,Ceratiaceae,Ceratium,hirundenella,Cer.hir
Buffalo Pound,0.8,191,REP2,P1041,Aphanizomenon flos-aquae Ralfs and Born.,8000,40.21,400,4,5026.5,Cyanophyte,PHYT,Cyanophyta,Nostocaceae,Aphanizomenon,flos-aquae,Aph.flo
Buffalo Pound,0.8,191,REP2,P1078,Planktothrix agardhii (Gom.) Anagnostidis and Komarek,22000,248.81,400,6,11309.7,Cyanophyte,PHYT,Cyanophyta,Oscillatotiaceae,Planktothrix,agardhii,Pla.aga
Buffalo Pound,0.8,191,REP2,P1132,Anabaena crassa (Lemm.) Kom-Legn. & Crongerg,472000,10953.42,426,10.2,23206.4,Cyanophyte,PHYT,Cyanophyta,Nostocaceae,Anabaena,crassa,Ana.cra
Buffalo Pound,0.8,191,REP2,P1133,Anabaena flos-aquae (Lyngb.) Breb. & Bornet,90000,677.39,330,6.6,7526.6,Cyanophyte,PHYT,Cyanophyta,Nostocaceae,Anabaena,flos-aquae,Ana.flo
Buffalo Pound,0.8,191,REP2,P2105,Chlamydomonas spp.,39683,2.1,6.3,4,52.8,Chlorophyte,PHYT,Chlorophyta,Chlamydomonadaceae,Chlamydomonas,spp.,Chl.spp
Buffalo Pound,0.8,191,REP2,P2109,Volvox aureus  Ehrenberg,1000,3,0,0,3000,Chlorophyte,PHYT,Chlorophyta,Volvocaceae,Volvox,aureus,Vol.aur
Buffalo Pound,0.8,191,REP2,P2113,Pediastrum duplex Meyen,1000,2.75,0,0,2750,Chlorophyte,PHYT,Chlorophyta,Hydrodictyaceae,Pediastrum,duplex,Ped.dup
Buffalo Pound,0.8,191,REP2,P2121,Oocystis lacustris Chodat,476196,23.95,6,4,50.3,Chlorophyte,PHYT,Chlorophyta,Oocystaceae,Oocystis,lacustris,Ooc.lac
Buffalo Pound,0.8,191,REP2,P2204,Ankyra judayi (G.M. Smith) Fott,119049,6.74,15,3.1,56.6,Chlorophyte,PHYT,Chlorophyta,Oocystaceae,Ankrya,judai,Ank.jud
Buffalo Pound,0.8,191,REP2,P2235,Ankistrodesmus spiralis Lemmermann,39683,1.5,24,2,37.7,Chlorophyte,PHYT,Chlorophyta,Oocystaceae,Ankistrodesmus,spiralis,Ank.spi
Buffalo Pound,0.8,191,REP2,P2255,Selenastrum copricornutum Printz,158732,1.73,7.2,1.7,10.9,Chlorophyte,PHYT,Chlorophyta,Selenastraceae,Selenastrum,copricornutum,Sel.cop
Buffalo Pound,0.8,191,REP2,P4351,Small chrysophyceae,793660,11.19,3,3,14.1,Chrysophyte,PHYT,Chrysophyta,.,Small chrysophyceae,.,Sma..
Buffalo Pound,0.8,191,REP2,P4355,Chrysochromulina parva Lackey,317464,20.76,5,5,65.4,Chrysophyte,PHYT,Chrysophyta,Prymnesiaceae,Chrysochromulina,parva,Chr.par
Buffalo Pound,0.8,191,REP2,P4400,Ochromonas sp.,39683,2.69,8.1,4,67.9,Chrysophyte,PHYT,Chrysophyta,Ochromonadaceae,Ochromonas,sp.,Och.sp.
Buffalo Pound,0.8,191,REP2,P4401,Uroglena volvox Ehrenberg,833343,94.25,6,6,113.1,Chrysophyte,PHYT,Chrysophyta,Ochromonadaceae,Uroglena,volvox,Uro.vol
Buffalo Pound,0.8,191,REP2,P5515,Fragilaria crotonensis Kitton,4000,1.68,100,4,418.9,Diatom,PHYT,Chrysophyta,Fragilarioideae,Fragilaria,crotonensis,Fra.cro
Buffalo Pound,0.8,191,REP2,P5524,Asterionella formosa Hassall,1000,0.1,100,2,104.7,Diatom,PHYT,Chrysophyta,Fragilarioideae,Asterionella,formosa,Ast.for
Buffalo Pound,0.8,191,REP2,P5540,Aulacoseira italica v subarctica (O. Muller) Simonsen,2000,14.03,225,6.3,7013.8,Diatom,PHYT,Chrysophyta,Melosiroideae,Aulacoseira,italica,Aul.ita
Buffalo Pound,0.8,191,REP2,P5551,Cyclotella michiganiana Skvortzow,238098,5.83,2.5,5,24.5,Diatom,PHYT,Chrysophyta,Coscinodiscoideae,Cyclotella,michiganiana,Cyc.mic
Buffalo Pound,0.8,191,REP2,P6554,Rhodomonas minuta Skuja,357147,24.14,10,4.4,67.6,Cryptophyte,PHYT,Pyrrhophyta,Cryptomonadaceae,Rhodomonas,minuta,Rho.min
Buffalo Pound,0.8,191,REP2,P6558,Cryptomonas erosa Ehrenberg,78000,105.46,26.9,12,1352.1,Cryptophyte,PHYT,Pyrrhophyta,Cryptomonadaceae,Cryptomonas,erosa,Cry.ero
Buffalo Pound,0.8,191,REP2,P6565,Cryptomonas rostratiformis Skuja,82000,241.24,43,14,2941.9,Cryptophyte,PHYT,Pyrrhophyta,Cryptomonadaceae,Cryptomonas,rostratiformis,Cry.ros
Buffalo Pound,0.8,191,REP2,P6568,Katablepharis ovalis Skuja,79366,3.63,8.1,4,45.8,Cryptophyte,PHYT,Pyrrhophyta,Katablepharidaceae,Katablepharis,ovalis,Kat.ova
Buffalo Pound,0.8,191,REP2,P7644,Ceratium hirundinella (Muller) Schrank,2000,100.53,60,40,50265.5,Dinoflagellate,PHYT,Pyrrhophyta,Ceratiaceae,Ceratium,hirundenella,Cer.hir
Buffalo Pound,0.8,198,REP2,P1041,Aphanizomenon flos-aquae Ralfs and Born.,3400,9.4,220,4,2764.6,Cyanophyte,PHYT,Cyanophyta,Nostocaceae,Aphanizomenon,flos-aquae,Aph.flo
Buffalo Pound,0.8,198,REP2,P1075,Microcystis aeruginosa (Kutzing) Kutzing,1000,3.5,0,0,3500,Cyanophyte,PHYT,Cyanophyta,Microcystaceae,Microcystis,aeruginosa,Mic.aer
Buffalo Pound,0.8,198,REP2,P1132,Anabaena crassa (Lemm.) Kom-Legn. & Crongerg,1800,17.37,200,9.6,9651,Cyanophyte,PHYT,Cyanophyta,Nostocaceae,Anabaena,crassa,Ana.cra
Buffalo Pound,0.8,198,REP2,P1133,Anabaena flos-aquae (Lyngb.) Breb. & Bornet,2400,10.75,230,6.1,4481.1,Cyanophyte,PHYT,Cyanophyta,Nostocaceae,Anabaena,flos-aquae,Ana.flo
Buffalo Pound,0.8,198,REP2,P2121,Oocystis lacustris Chodat,7184,0.2,6,3,28.3,Chlorophyte,PHYT,Chlorophyta,Oocystaceae,Oocystis,lacustris,Ooc.lac
Buffalo Pound,0.8,198,REP2,P4351,Small chrysophyceae,86208,1.34,3.1,3.1,15.6,Chrysophyte,PHYT,Chrysophyta,.,Small chrysophyceae,.,Sma..
Buffalo Pound,0.8,198,REP2,P5540,Aulacoseira italica v subarctica (O. Muller) Simonsen,200,2.05,300,6.6,10263.6,Diatom,PHYT,Chrysophyta,Melosiroideae,Aulacoseira,italica,Aul.ita
Buffalo Pound,0.8,198,REP2,P6554,Rhodomonas minuta Skuja,7184,0.6,9.6,5,83.8,Cryptophyte,PHYT,Pyrrhophyta,Cryptomonadaceae,Rhodomonas,minuta,Rho.min
Buffalo Pound,0.8,198,REP2,P6565,Cryptomonas rostratiformis Skuja,200,0.6,44,14,3010.3,Cryptophyte,PHYT,Pyrrhophyta,Cryptomonadaceae,Cryptomonas,rostratiformis,Cry.ros
Buffalo Pound,0.8,210,REP1,P1041,Aphanizomenon flos-aquae Ralfs and Born.,1139000,4580.15,320,4,4021.2,Cyanophyte,PHYT,Cyanophyta,Nostocaceae,Aphanizomenon,flos-aquae,Aph.flo
Buffalo Pound,0.8,210,REP1,P1075,Microcystis aeruginosa (Kutzing) Kutzing,196000,499.8,0,0,2550,Cyanophyte,PHYT,Cyanophyta,Microcystaceae,Microcystis,aeruginosa,Mic.aer
Buffalo Pound,0.8,210,REP1,P1076,Woronichinia compacta (Lemmermann) Komarek and Hindak,11000,8.25,0,0,750,Cyanophyte,PHYT,Cyanophyta,Microcystaceae,Woronichinia,compacta,Wor.com
Buffalo Pound,0.8,210,REP1,P1132,Anabaena crassa (Lemm.) Kom-Legn. & Crongerg,29000,303.69,200,10,10472,Cyanophyte,PHYT,Cyanophyta,Nostocaceae,Anabaena,crassa,Ana.cra
Buffalo Pound,0.8,210,REP1,P1133,Anabaena flos-aquae (Lyngb.) Breb. & Bornet,164000,1363.28,400,6.3,8312.7,Cyanophyte,PHYT,Cyanophyta,Nostocaceae,Anabaena,flos-aquae,Ana.flo
Buffalo Pound,0.8,210,REP1,P2109,Volvox aureus  Ehrenberg,2000,5.36,0,0,2680,Chlorophyte,PHYT,Chlorophyta,Volvocaceae,Volvox,aureus,Vol.aur
Buffalo Pound,0.8,210,REP1,P2113,Pediastrum duplex Meyen,4000,8.4,0,0,2100,Chlorophyte,PHYT,Chlorophyta,Hydrodictyaceae,Pediastrum,duplex,Ped.dup
Buffalo Pound,0.8,210,REP1,P2121,Oocystis lacustris Chodat,634928,31.94,6,4,50.3,Chlorophyte,PHYT,Chlorophyta,Oocystaceae,Oocystis,lacustris,Ooc.lac
Buffalo Pound,0.8,210,REP1,P2132,Scenedesmus denticulatus Lagerhiem,158732,7.1,8,4,44.7,Chlorophyte,PHYT,Chlorophyta,Scenedesmaceae,Scenedesmus,denticulatus,Sce.den
Buffalo Pound,0.8,210,REP1,P2136,Dictyosphaerium pulchellum Wood,277781,31.42,6,6,113.1,Chlorophyte,PHYT,Chlorophyta,Oocystaceae,Dictyosphaerium,pulchellum,Dic.pul
Buffalo Pound,0.8,210,REP1,P2178,Cosmarium sp.,2000,2.79,20,20,1396.3,Chlorophyte,PHYT,Chlorophyta,Desmidiaceae,Cosmarium,sp.,Cos.sp.
Buffalo Pound,0.8,210,REP1,P2204,Ankyra judayi (G.M. Smith) Fott,39683,2.1,14,3.1,52.8,Chlorophyte,PHYT,Chlorophyta,Oocystaceae,Ankrya,judai,Ank.jud
Buffalo Pound,0.8,210,REP1,P4351,Small chrysophyceae,317464,4.48,3,3,14.1,Chrysophyte,PHYT,Chrysophyta,.,Small chrysophyceae,.,Sma..
Buffalo Pound,0.8,210,REP1,P4355,Chrysochromulina parva Lackey,3888934,254.34,5,5,65.4,Chrysophyte,PHYT,Chrysophyta,Prymnesiaceae,Chrysochromulina,parva,Chr.par
Buffalo Pound,0.8,210,REP1,P4358,Chrysostephanosphaera globulifera Scherffel,39683,14.16,8.8,8.8,356.8,Chrysophyte,PHYT,Chrysophyta,Rhizochrysidaceae,Chrysostephanospaera,globulifera,Chr.glo
Buffalo Pound,0.8,210,REP1,P4400,Ochromonas sp.,39683,2.66,8,4,67,Chrysophyte,PHYT,Chrysophyta,Ochromonadaceae,Ochromonas,sp.,Och.sp.
Buffalo Pound,0.8,210,REP1,P4401,Uroglena volvox Ehrenberg,39683,4.49,6,6,113.1,Chrysophyte,PHYT,Chrysophyta,Ochromonadaceae,Uroglena,volvox,Uro.vol
Buffalo Pound,0.8,210,REP1,P4418,Salpingoeca frequentissima (Zach.) Lemmermann,714294,35.93,6,4,50.3,Chrysophyte,PHYT,Chrysophyta,Craspedomonadaceae,Salpingoeca,frequentissima,Sal.fre
Buffalo Pound,0.8,210,REP1,P5509,Cyclotella ocellata Pant.,119049,11.96,4,8,100.5,Diatom,PHYT,Chrysophyta,Coscinodiscoideae,Cyclotella,ocellata,Cyc.oce
Buffalo Pound,0.8,210,REP1,P5515,Fragilaria crotonensis Kitton,52000,24.18,111,4,465,Diatom,PHYT,Chrysophyta,Fragilarioideae,Fragilaria,crotonensis,Fra.cro
Buffalo Pound,0.8,210,REP1,P5540,Aulacoseira italica v subarctica (O. Muller) Simonsen,4000,55.25,330,7.3,13811.8,Diatom,PHYT,Chrysophyta,Melosiroideae,Aulacoseira,italica,Aul.ita
Buffalo Pound,0.8,210,REP1,P5551,Cyclotella michiganiana Skvortzow,238098,5.83,2.5,5,24.5,Diatom,PHYT,Chrysophyta,Coscinodiscoideae,Cyclotella,michiganiana,Cyc.mic
Buffalo Pound,0.8,210,REP1,P5916,Fragilaria capucina Grunow,96000,25.33,63,4,263.9,Diatom,PHYT,Chrysophyta,Fragilarioideae,Fragilaria,capucina,Fra.cap
Buffalo Pound,0.8,210,REP1,P6554,Rhodomonas minuta Skuja,674611,58.83,9.6,5.1,87.2,Cryptophyte,PHYT,Pyrrhophyta,Cryptomonadaceae,Rhodomonas,minuta,Rho.min
Buffalo Pound,0.8,210,REP1,P6558,Cryptomonas erosa Ehrenberg,22000,29.75,26.9,12,1352.1,Cryptophyte,PHYT,Pyrrhophyta,Cryptomonadaceae,Cryptomonas,erosa,Cry.ero
Buffalo Pound,0.8,210,REP1,P6565,Cryptomonas rostratiformis Skuja,4000,10.95,40,14,2736.7,Cryptophyte,PHYT,Pyrrhophyta,Cryptomonadaceae,Cryptomonas,rostratiformis,Cry.ros
Buffalo Pound,0.8,210,REP1,P6568,Katablepharis ovalis Skuja,1388905,54.58,7.5,4,39.3,Cryptophyte,PHYT,Pyrrhophyta,Katablepharidaceae,Katablepharis,ovalis,Kat.ova
Buffalo Pound,0.8,210,REP1,P7644,Ceratium hirundinella (Muller) Schrank,41000,2060.89,60,40,50265.5,Dinoflagellate,PHYT,Pyrrhophyta,Ceratiaceae,Ceratium,hirundenella,Cer.hir
Buffalo Pound,0.8,219,REP2,P1041,Aphanizomenon flos-aquae Ralfs and Born.,787000,3164.68,320,4,4021.2,Cyanophyte,PHYT,Cyanophyta,Nostocaceae,Aphanizomenon,flos-aquae,Aph.flo
Buffalo Pound,0.8,219,REP2,P1075,Microcystis aeruginosa (Kutzing) Kutzing,449000,942.9,0,0,2100,Cyanophyte,PHYT,Cyanophyta,Microcystaceae,Microcystis,aeruginosa,Mic.aer
Buffalo Pound,0.8,219,REP2,P1132,Anabaena crassa (Lemm.) Kom-Legn. & Crongerg,360000,6625.98,325,10.4,18405.5,Cyanophyte,PHYT,Cyanophyta,Nostocaceae,Anabaena,crassa,Ana.cra
Buffalo Pound,0.8,219,REP2,P1133,Anabaena flos-aquae (Lyngb.) Breb. & Bornet,787000,5223,300,6.5,6636.6,Cyanophyte,PHYT,Cyanophyta,Nostocaceae,Anabaena,flos-aquae,Ana.flo
Buffalo Pound,0.8,219,REP2,P2105,Chlamydomonas spp.,198415,8.81,5.3,4,44.4,Chlorophyte,PHYT,Chlorophyta,Chlamydomonadaceae,Chlamydomonas,spp.,Chl.spp
Buffalo Pound,0.8,219,REP2,P2113,Pediastrum duplex Meyen,10000,19.65,0,0,1965,Chlorophyte,PHYT,Chlorophyta,Hydrodictyaceae,Pediastrum,duplex,Ped.dup
Buffalo Pound,0.8,219,REP2,P2121,Oocystis lacustris Chodat,912709,45.91,6,4,50.3,Chlorophyte,PHYT,Chlorophyta,Oocystaceae,Oocystis,lacustris,Ooc.lac
Buffalo Pound,0.8,219,REP2,P2130,Scenedesmus quadricauda (Turp.) Brebisson,753977,21.79,7.6,3.3,28.9,Chlorophyte,PHYT,Chlorophyta,Scenedesmaceae,Scenedesmus,quadricauda,Sce.qua
Buffalo Pound,0.8,219,REP2,P2132,Scenedesmus denticulatus Lagerhiem,1984150,88.69,8,4,44.7,Chlorophyte,PHYT,Chlorophyta,Scenedesmaceae,Scenedesmus,denticulatus,Sce.den
Buffalo Pound,0.8,219,REP2,P2136,Dictyosphaerium pulchellum Wood,238098,26.93,6,6,113.1,Chlorophyte,PHYT,Chlorophyta,Oocystaceae,Dictyosphaerium,pulchellum,Dic.pul
Buffalo Pound,0.8,219,REP2,P2171,Closterium kuetzingii Brebisson,2000,10,199,8,5001.4,Chlorophyte,PHYT,Chlorophyta,Closteriaceae,Closterium,kuetzingii,Clo.kue
Buffalo Pound,0.8,219,REP2,P2178,Cosmarium sp.,1000,1.4,20,20,1396.3,Chlorophyte,PHYT,Chlorophyta,Desmidiaceae,Cosmarium,sp.,Cos.sp.
Buffalo Pound,0.8,219,REP2,P2193,Staurodesmus paradoxum Meyen,1000,1.63,21.6,20,1628.6,Chlorophyte,PHYT,Chlorophyta,Desmidiaceae,Staurodesmus,paradoxum,Sta.par
Buffalo Pound,0.8,219,REP2,P2204,Ankyra judayi (G.M. Smith) Fott,39683,2.4,16,3.1,60.4,Chlorophyte,PHYT,Chlorophyta,Oocystaceae,Ankrya,judai,Ank.jud
Buffalo Pound,0.8,219,REP2,P2255,Selenastrum copricornutum Printz,833343,9.08,7.2,1.7,10.9,Chlorophyte,PHYT,Chlorophyta,Selenastraceae,Selenastrum,copricornutum,Sel.cop
Buffalo Pound,0.8,219,REP2,P4351,Small chrysophyceae,1984150,25.4,2.9,2.9,12.8,Chrysophyte,PHYT,Chrysophyta,.,Small chrysophyceae,.,Sma..
Buffalo Pound,0.8,219,REP2,P4352,Large chrysophyceae,39683,7.13,7,7,179.6,Chrysophyte,PHYT,Chrysophyta,.,Large chrysophyceae,.,Lar..
Buffalo Pound,0.8,219,REP2,P4355,Chrysochromulina parva Lackey,3015908,197.24,5,5,65.4,Chrysophyte,PHYT,Chrysophyta,Prymnesiaceae,Chrysochromulina,parva,Chr.par
Buffalo Pound,0.8,219,REP2,P4401,Uroglena volvox Ehrenberg,555562,62.83,6,6,113.1,Chrysophyte,PHYT,Chrysophyta,Ochromonadaceae,Uroglena,volvox,Uro.vol
Buffalo Pound,0.8,219,REP2,P4418,Salpingoeca frequentissima (Zach.) Lemmermann,634928,21.71,6,3.3,34.2,Chrysophyte,PHYT,Chrysophyta,Craspedomonadaceae,Salpingoeca,frequentissima,Sal.fre
Buffalo Pound,0.8,219,REP2,P5508,Cyclotella pseudostelligera,119049,51.36,6.5,13,431.4,Diatom,PHYT,Chrysophyta,Coscinodiscoideae,Cyclotella,psuedostelligera,Cyc.psu
Buffalo Pound,0.8,219,REP2,P5509,Cyclotella ocellata Pant.,714294,64,3.85,7.7,89.6,Diatom,PHYT,Chrysophyta,Coscinodiscoideae,Cyclotella,ocellata,Cyc.oce
Buffalo Pound,0.8,219,REP2,P5515,Fragilaria crotonensis Kitton,444000,191.54,103,4,431.4,Diatom,PHYT,Chrysophyta,Fragilarioideae,Fragilaria,crotonensis,Fra.cro
Buffalo Pound,0.8,219,REP2,P5530,Stephanodiscus niagarae Ehrenberg,1000,26.05,25.5,51,26046,Diatom,PHYT,Chrysophyta,Coscinodiscoideae,Stephanodiscus,niagarae,Ste.nia
Buffalo Pound,0.8,219,REP2,P5540,Aulacoseira italica v subarctica (O. Muller) Simonsen,1000,10.26,300,6.6,10263.6,Diatom,PHYT,Chrysophyta,Melosiroideae,Aulacoseira,italica,Aul.ita
Buffalo Pound,0.8,219,REP2,P5551,Cyclotella michiganiana Skvortzow,436513,10.69,2.5,5,24.5,Diatom,PHYT,Chrysophyta,Coscinodiscoideae,Cyclotella,michiganiana,Cyc.mic
Buffalo Pound,0.8,219,REP2,P6554,Rhodomonas minuta Skuja,357147,19.79,9,4.2,55.4,Cryptophyte,PHYT,Pyrrhophyta,Cryptomonadaceae,Rhodomonas,minuta,Rho.min
Buffalo Pound,0.8,219,REP2,P6558,Cryptomonas erosa Ehrenberg,2000,2.81,28,12,1407.4,Cryptophyte,PHYT,Pyrrhophyta,Cryptomonadaceae,Cryptomonas,erosa,Cry.ero
Buffalo Pound,0.8,219,REP2,P6568,Katablepharis ovalis Skuja,1071441,55.29,8.6,4,51.6,Cryptophyte,PHYT,Pyrrhophyta,Katablepharidaceae,Katablepharis,ovalis,Kat.ova
Buffalo Pound,0.8,219,REP2,P7644,Ceratium hirundinella (Muller) Schrank,20000,1005.31,60,40,50265.5,Dinoflagellate,PHYT,Pyrrhophyta,Ceratiaceae,Ceratium,hirundenella,Cer.hir
Buffalo Pound,0.8,227,REP1,P1026,Merismopedia tenuissima Lemmermann,396830,3.97,0,0,10,Cyanophyte,PHYT,Cyanophyta,Microcystaceae,Merismopedia,tenuissima,Mer.ten
Buffalo Pound,0.8,227,REP1,P1033,Rhabdogloea linearis Schmidle and Lauterborn,2857176,65.72,11,2,23,Cyanophyte,PHYT,Cyanophyta,Microcystaceae,Rhabdogloea,lineare,Rha.lin
Buffalo Pound,0.8,227,REP1,P1041,Aphanizomenon flos-aquae Ralfs and Born.,382000,1536.1,320,4,4021.2,Cyanophyte,PHYT,Cyanophyta,Nostocaceae,Aphanizomenon,flos-aquae,Aph.flo
Buffalo Pound,0.8,227,REP1,P1075,Microcystis aeruginosa (Kutzing) Kutzing,49000,171.5,0,0,3500,Cyanophyte,PHYT,Cyanophyta,Microcystaceae,Microcystis,aeruginosa,Mic.aer
Buffalo Pound,0.8,227,REP1,P1076,Woronichinia compacta (Lemmermann) Komarek and Hindak,37000,27.75,0,0,750,Cyanophyte,PHYT,Cyanophyta,Microcystaceae,Woronichinia,compacta,Wor.com
Buffalo Pound,0.8,227,REP1,P1078,Planktothrix agardhii (Gom.) Anagnostidis and Komarek,45000,631.08,496,6,14024.1,Cyanophyte,PHYT,Cyanophyta,Oscillatotiaceae,Planktothrix,agardhii,Pla.aga
Buffalo Pound,0.8,227,REP1,P1132,Anabaena crassa (Lemm.) Kom-Legn. & Crongerg,157000,2507.26,305,10,15969.8,Cyanophyte,PHYT,Cyanophyta,Nostocaceae,Anabaena,crassa,Ana.cra
Buffalo Pound,0.8,227,REP1,P1133,Anabaena flos-aquae (Lyngb.) Breb. & Bornet,158000,902.95,275,6.3,5714.9,Cyanophyte,PHYT,Cyanophyta,Nostocaceae,Anabaena,flos-aquae,Ana.flo
Buffalo Pound,0.8,227,REP1,P2113,Pediastrum duplex Meyen,3000,9.3,0,0,3100,Chlorophyte,PHYT,Chlorophyta,Hydrodictyaceae,Pediastrum,duplex,Ped.dup
Buffalo Pound,0.8,227,REP1,P2121,Oocystis lacustris Chodat,1269856,63.87,6,4,50.3,Chlorophyte,PHYT,Chlorophyta,Oocystaceae,Oocystis,lacustris,Ooc.lac
Buffalo Pound,0.8,227,REP1,P2130,Scenedesmus quadricauda (Turp.) Brebisson,20000,0.68,8,3.5,34.2,Chlorophyte,PHYT,Chlorophyta,Scenedesmaceae,Scenedesmus,quadricauda,Sce.qua
Buffalo Pound,0.8,227,REP1,P2136,Dictyosphaerium pulchellum Wood,1309539,148.11,6,6,113.1,Chlorophyte,PHYT,Chlorophyta,Oocystaceae,Dictyosphaerium,pulchellum,Dic.pul
Buffalo Pound,0.8,227,REP1,P2178,Cosmarium sp.,1000,1.4,20,20,1396.3,Chlorophyte,PHYT,Chlorophyta,Desmidiaceae,Cosmarium,sp.,Cos.sp.
Buffalo Pound,0.8,227,REP1,P2193,Staurodesmus paradoxum Meyen,1000,1.75,23,19,1754.2,Chlorophyte,PHYT,Chlorophyta,Desmidiaceae,Staurodesmus,paradoxum,Sta.par
Buffalo Pound,0.8,227,REP1,P2235,Ankistrodesmus spiralis Lemmermann,317464,13.97,28,2,44,Chlorophyte,PHYT,Chlorophyta,Oocystaceae,Ankistrodesmus,spiralis,Ank.spi
Buffalo Pound,0.8,227,REP1,P2255,Selenastrum copricornutum Printz,1587320,17.46,7.3,1.7,11,Chlorophyte,PHYT,Chlorophyta,Selenastraceae,Selenastrum,copricornutum,Sel.cop
Buffalo Pound,0.8,227,REP1,P4351,Small chrysophyceae,833343,11.75,3,3,14.1,Chrysophyte,PHYT,Chrysophyta,.,Small chrysophyceae,.,Sma..
Buffalo Pound,0.8,227,REP1,P4352,Large chrysophyceae,119049,21.38,7,7,179.6,Chrysophyte,PHYT,Chrysophyta,.,Large chrysophyceae,.,Lar..
Buffalo Pound,0.8,227,REP1,P4355,Chrysochromulina parva Lackey,992075,64.88,5,5,65.4,Chrysophyte,PHYT,Chrysophyta,Prymnesiaceae,Chrysochromulina,parva,Chr.par
Buffalo Pound,0.8,227,REP1,P4418,Salpingoeca frequentissima (Zach.) Lemmermann,238098,5.83,5.2,3,24.5,Chrysophyte,PHYT,Chrysophyta,Craspedomonadaceae,Salpingoeca,frequentissima,Sal.fre
Buffalo Pound,0.8,227,REP1,P5508,Cyclotella pseudostelligera,119049,78.89,7.5,15,662.7,Diatom,PHYT,Chrysophyta,Coscinodiscoideae,Cyclotella,psuedostelligera,Cyc.psu
Buffalo Pound,0.8,227,REP1,P5509,Cyclotella ocellata Pant.,1468271,153.14,4.05,8.1,104.3,Diatom,PHYT,Chrysophyta,Coscinodiscoideae,Cyclotella,ocellata,Cyc.oce
Buffalo Pound,0.8,227,REP1,P5515,Fragilaria crotonensis Kitton,54000,22.85,101,4,423.1,Diatom,PHYT,Chrysophyta,Fragilarioideae,Fragilaria,crotonensis,Fra.cro
Buffalo Pound,0.8,227,REP1,P5540,Aulacoseira italica v subarctica (O. Muller) Simonsen,3000,52.26,440,7.1,17420.4,Diatom,PHYT,Chrysophyta,Melosiroideae,Aulacoseira,italica,Aul.ita
Buffalo Pound,0.8,227,REP1,P5551,Cyclotella michiganiana Skvortzow,1309539,32.08,2.5,5,24.5,Diatom,PHYT,Chrysophyta,Coscinodiscoideae,Cyclotella,michiganiana,Cyc.mic
Buffalo Pound,0.8,227,REP1,P6554,Rhodomonas minuta Skuja,634928,39.87,9.3,4.4,62.8,Cryptophyte,PHYT,Pyrrhophyta,Cryptomonadaceae,Rhodomonas,minuta,Rho.min
Buffalo Pound,0.8,227,REP1,P6558,Cryptomonas erosa Ehrenberg,12000,15.08,25,12,1256.6,Cryptophyte,PHYT,Pyrrhophyta,Cryptomonadaceae,Cryptomonas,erosa,Cry.ero
Buffalo Pound,0.8,227,REP1,P6568,Katablepharis ovalis Skuja,595245,27.26,8.1,4,45.8,Cryptophyte,PHYT,Pyrrhophyta,Katablepharidaceae,Katablepharis,ovalis,Kat.ova
Buffalo Pound,0.8,227,REP1,P7644,Ceratium hirundinella (Muller) Schrank,15000,703.72,56,40,46914.5,Dinoflagellate,PHYT,Pyrrhophyta,Ceratiaceae,Ceratium,hirundenella,Cer.hir
Buffalo Pound,0.8,233,REP2,P1033,Rhabdogloea linearis Schmidle and Lauterborn,1587320,33.17,10,2,20.9,Cyanophyte,PHYT,Cyanophyta,Microcystaceae,Rhabdogloea,lineare,Rha.lin
Buffalo Pound,0.8,233,REP2,P1041,Aphanizomenon flos-aquae Ralfs and Born.,247000,620.79,200,4,2513.3,Cyanophyte,PHYT,Cyanophyta,Nostocaceae,Aphanizomenon,flos-aquae,Aph.flo
Buffalo Pound,0.8,233,REP2,P1075,Microcystis aeruginosa (Kutzing) Kutzing,13000,32.5,0,0,2500,Cyanophyte,PHYT,Cyanophyta,Microcystaceae,Microcystis,aeruginosa,Mic.aer
Buffalo Pound,0.8,233,REP2,P1078,Planktothrix agardhii (Gom.) Anagnostidis and Komarek,20000,282.74,500,6,14137.2,Cyanophyte,PHYT,Cyanophyta,Oscillatotiaceae,Planktothrix,agardhii,Pla.aga
Buffalo Pound,0.8,233,REP2,P1132,Anabaena crassa (Lemm.) Kom-Legn. & Crongerg,202000,2200.79,200,10.2,10895,Cyanophyte,PHYT,Cyanophyta,Nostocaceae,Anabaena,crassa,Ana.cra
Buffalo Pound,0.8,233,REP2,P1133,Anabaena flos-aquae (Lyngb.) Breb. & Bornet,360000,1449.14,200,6.2,4025.4,Cyanophyte,PHYT,Cyanophyta,Nostocaceae,Anabaena,flos-aquae,Ana.flo
Buffalo Pound,0.8,233,REP2,P2113,Pediastrum duplex Meyen,9000,17.69,0,0,1965,Chlorophyte,PHYT,Chlorophyta,Hydrodictyaceae,Pediastrum,duplex,Ped.dup
Buffalo Pound,0.8,233,REP2,P2121,Oocystis lacustris Chodat,1190490,59.88,6,4,50.3,Chlorophyte,PHYT,Chlorophyta,Oocystaceae,Oocystis,lacustris,Ooc.lac
Buffalo Pound,0.8,233,REP2,P2130,Scenedesmus quadricauda (Turp.) Brebisson,1627003,58.9,8,3.6,36.2,Chlorophyte,PHYT,Chlorophyta,Scenedesmaceae,Scenedesmus,quadricauda,Sce.qua
Buffalo Pound,0.8,233,REP2,P2178,Cosmarium sp.,1000,1.4,20,20,1396.3,Chlorophyte,PHYT,Chlorophyta,Desmidiaceae,Cosmarium,sp.,Cos.sp.
Buffalo Pound,0.8,233,REP2,P2204,Ankyra judayi (G.M. Smith) Fott,238098,11.69,13,3.1,49.1,Chlorophyte,PHYT,Chlorophyta,Oocystaceae,Ankrya,judai,Ank.jud
Buffalo Pound,0.8,233,REP2,P2235,Ankistrodesmus spiralis Lemmermann,198415,9.05,29,2,45.6,Chlorophyte,PHYT,Chlorophyta,Oocystaceae,Ankistrodesmus,spiralis,Ank.spi
Buffalo Pound,0.8,233,REP2,P2255,Selenastrum copricornutum Printz,2579395,28.12,7.2,1.7,10.9,Chlorophyte,PHYT,Chlorophyta,Selenastraceae,Selenastrum,copricornutum,Sel.cop
Buffalo Pound,0.8,233,REP2,P4351,Small chrysophyceae,1190490,10.95,2.6,2.6,9.2,Chrysophyte,PHYT,Chrysophyta,.,Small chrysophyceae,.,Sma..
Buffalo Pound,0.8,233,REP2,P4352,Large chrysophyceae,198415,35.64,7,7,179.6,Chrysophyte,PHYT,Chrysophyta,.,Large chrysophyceae,.,Lar..
Buffalo Pound,0.8,233,REP2,P4355,Chrysochromulina parva Lackey,1507954,98.62,5,5,65.4,Chrysophyte,PHYT,Chrysophyta,Prymnesiaceae,Chrysochromulina,parva,Chr.par
Buffalo Pound,0.8,233,REP2,P4358,Chrysostephanosphaera globulifera Scherffel,39683,11.88,8.3,8.3,299.4,Chrysophyte,PHYT,Chrysophyta,Rhizochrysidaceae,Chrysostephanospaera,globulifera,Chr.glo
Buffalo Pound,0.8,233,REP2,P4378,Dinobryon borgei Lemmermann,39683,2.04,9,3.3,51.3,Chrysophyte,PHYT,Chrysophyta,Dinobryoaceae,Dinobryon,borgei,Din.bor
Buffalo Pound,0.8,233,REP2,P4418,Salpingoeca frequentissima (Zach.) Lemmermann,476196,16.29,6,3.3,34.2,Chrysophyte,PHYT,Chrysophyta,Craspedomonadaceae,Salpingoeca,frequentissima,Sal.fre
Buffalo Pound,0.8,233,REP2,P5508,Cyclotella pseudostelligera,634928,420.77,7.5,15,662.7,Diatom,PHYT,Chrysophyta,Coscinodiscoideae,Cyclotella,psuedostelligera,Cyc.psu
Buffalo Pound,0.8,233,REP2,P5509,Cyclotella ocellata Pant.,4484179,641.69,4.5,9,143.1,Diatom,PHYT,Chrysophyta,Coscinodiscoideae,Cyclotella,ocellata,Cyc.oce
Buffalo Pound,0.8,233,REP2,P5515,Fragilaria crotonensis Kitton,36000,15.08,100,4,418.9,Diatom,PHYT,Chrysophyta,Fragilarioideae,Fragilaria,crotonensis,Fra.cro
Buffalo Pound,0.8,233,REP2,P5540,Aulacoseira italica v subarctica (O. Muller) Simonsen,26000,237.5,267,6.6,9134.6,Diatom,PHYT,Chrysophyta,Melosiroideae,Aulacoseira,italica,Aul.ita
Buffalo Pound,0.8,233,REP2,P5551,Cyclotella michiganiana Skvortzow,1507954,28.8,2.3,4.6,19.1,Diatom,PHYT,Chrysophyta,Coscinodiscoideae,Cyclotella,michiganiana,Cyc.mic
Buffalo Pound,0.8,233,REP2,P6554,Rhodomonas minuta Skuja,1071441,89.79,9.6,5,83.8,Cryptophyte,PHYT,Pyrrhophyta,Cryptomonadaceae,Rhodomonas,minuta,Rho.min
Buffalo Pound,0.8,233,REP2,P6558,Cryptomonas erosa Ehrenberg,28000,38.84,27.6,12,1387.3,Cryptophyte,PHYT,Pyrrhophyta,Cryptomonadaceae,Cryptomonas,erosa,Cry.ero
Buffalo Pound,0.8,233,REP2,P6565,Cryptomonas rostratiformis Skuja,1000,2.74,40,14,2736.7,Cryptophyte,PHYT,Pyrrhophyta,Cryptomonadaceae,Cryptomonas,rostratiformis,Cry.ros
Buffalo Pound,0.8,233,REP2,P6568,Katablepharis ovalis Skuja,1230173,50.93,7.7,4,41.4,Cryptophyte,PHYT,Pyrrhophyta,Katablepharidaceae,Katablepharis,ovalis,Kat.ova
Buffalo Pound,0.8,233,REP2,P7644,Ceratium hirundinella (Muller) Schrank,180000,9047.79,60,40,50265.5,Dinoflagellate,PHYT,Pyrrhophyta,Ceratiaceae,Ceratium,hirundenella,Cer.hir
Buffalo Pound,0.8,242,REP1,P1026,Merismopedia tenuissima Lemmermann,6150865,61.51,0,0,10,Cyanophyte,PHYT,Cyanophyta,Microcystaceae,Merismopedia,tenuissima,Mer.ten
Buffalo Pound,0.8,242,REP1,P1033,Rhabdogloea linearis Schmidle and Lauterborn,1031758,21.56,10,2,20.9,Cyanophyte,PHYT,Cyanophyta,Microcystaceae,Rhabdogloea,lineare,Rha.lin
Buffalo Pound,0.8,242,REP1,P1041,Aphanizomenon flos-aquae Ralfs and Born.,49000,153.94,250,4,3141.6,Cyanophyte,PHYT,Cyanophyta,Nostocaceae,Aphanizomenon,flos-aquae,Aph.flo
Buffalo Pound,0.8,242,REP1,P1076,Woronichinia compacta (Lemmermann) Komarek and Hindak,65000,35.75,0,0,550,Cyanophyte,PHYT,Cyanophyta,Microcystaceae,Woronichinia,compacta,Wor.com
Buffalo Pound,0.8,242,REP1,P1078,Planktothrix agardhii (Gom.) Anagnostidis and Komarek,69000,501.88,525,4.2,7273.6,Cyanophyte,PHYT,Cyanophyta,Oscillatotiaceae,Planktothrix,agardhii,Pla.aga
Buffalo Pound,0.8,242,REP1,P1132,Anabaena crassa (Lemm.) Kom-Legn. & Crongerg,81000,467.73,106,10.2,5774.4,Cyanophyte,PHYT,Cyanophyta,Nostocaceae,Anabaena,crassa,Ana.cra
Buffalo Pound,0.8,242,REP1,P1133,Anabaena flos-aquae (Lyngb.) Breb. & Bornet,81000,222.52,141,6.1,2747.1,Cyanophyte,PHYT,Cyanophyta,Nostocaceae,Anabaena,flos-aquae,Ana.flo
Buffalo Pound,0.8,242,REP1,P2113,Pediastrum duplex Meyen,33000,50.33,0,0,1525,Chlorophyte,PHYT,Chlorophyta,Hydrodictyaceae,Pediastrum,duplex,Ped.dup
Buffalo Pound,0.8,242,REP1,P2136,Dictyosphaerium pulchellum Wood,5952450,303.57,4.6,4.6,51,Chlorophyte,PHYT,Chlorophyta,Oocystaceae,Dictyosphaerium,pulchellum,Dic.pul
Buffalo Pound,0.8,242,REP1,P2193,Staurodesmus paradoxum Meyen,3000,7.53,25,23,2508.9,Chlorophyte,PHYT,Chlorophyta,Desmidiaceae,Staurodesmus,paradoxum,Sta.par
Buffalo Pound,0.8,242,REP1,P2235,Ankistrodesmus spiralis Lemmermann,1388905,67.64,31,2,48.7,Chlorophyte,PHYT,Chlorophyta,Oocystaceae,Ankistrodesmus,spiralis,Ank.spi
Buffalo Pound,0.8,242,REP1,P3301,Euglena acus Ehrenberg,2000,13.27,88,12,6635,Euglenophyte,PHYT,Euglenophyta,Euglenaceae,Euglena,acus,Eug.acu
Buffalo Pound,0.8,242,REP1,P4351,Small chrysophyceae,158732,2.48,3.1,3.1,15.6,Chrysophyte,PHYT,Chrysophyta,.,Small chrysophyceae,.,Sma..
Buffalo Pound,0.8,242,REP1,P4355,Chrysochromulina parva Lackey,9047724,591.72,5,5,65.4,Chrysophyte,PHYT,Chrysophyta,Prymnesiaceae,Chrysochromulina,parva,Chr.par
Buffalo Pound,0.8,242,REP1,P4372,Mallomonas tonsurata Teiling and Krieger,1000,1.15,22,10,1151.9,Chrysophyte,PHYT,Chrysophyta,Synuraceae,Mallomonas,tonsurata,Mal.ton
Buffalo Pound,0.8,242,REP1,P5515,Fragilaria crotonensis Kitton,32000,12.87,96,4,402.1,Diatom,PHYT,Chrysophyta,Fragilarioideae,Fragilaria,crotonensis,Fra.cro
Buffalo Pound,0.8,242,REP1,P5530,Stephanodiscus niagarae Ehrenberg,3000,34.94,19.5,39,11647.3,Diatom,PHYT,Chrysophyta,Coscinodiscoideae,Stephanodiscus,niagarae,Ste.nia
Buffalo Pound,0.8,242,REP1,P5540,Aulacoseira italica v subarctica (O. Muller) Simonsen,161000,2208.26,440,6.3,13715.9,Diatom,PHYT,Chrysophyta,Melosiroideae,Aulacoseira,italica,Aul.ita
Buffalo Pound,0.8,242,REP1,P5551,Cyclotella michiganiana Skvortzow,20833575,510.42,2.5,5,24.5,Diatom,PHYT,Chrysophyta,Coscinodiscoideae,Cyclotella,michiganiana,Cyc.mic
Buffalo Pound,0.8,242,REP1,P6554,Rhodomonas minuta Skuja,476196,25.52,9.6,4,53.6,Cryptophyte,PHYT,Pyrrhophyta,Cryptomonadaceae,Rhodomonas,minuta,Rho.min
Buffalo Pound,0.8,242,REP1,P6558,Cryptomonas erosa Ehrenberg,46000,59.19,25.6,12,1286.8,Cryptophyte,PHYT,Pyrrhophyta,Cryptomonadaceae,Cryptomonas,erosa,Cry.ero
Buffalo Pound,0.8,242,REP1,P7644,Ceratium hirundinella (Muller) Schrank,13000,653.45,60,40,50265.5,Dinoflagellate,PHYT,Pyrrhophyta,Ceratiaceae,Ceratium,hirundenella,Cer.hir
Buffalo Pound,0.8,246,REP1,P1033,Rhabdogloea linearis Schmidle and Lauterborn,219446990,4279.22,9.3,2,19.5,Cyanophyte,PHYT,Cyanophyta,Microcystaceae,Rhabdogloea,lineare,Rha.lin
Buffalo Pound,0.8,246,REP1,P1041,Aphanizomenon flos-aquae Ralfs and Born.,7000,19.35,220,4,2764.6,Cyanophyte,PHYT,Cyanophyta,Nostocaceae,Aphanizomenon,flos-aquae,Aph.flo
Buffalo Pound,0.8,246,REP1,P1076,Woronichinia compacta (Lemmermann) Komarek and Hindak,697000,522.75,0,0,750,Cyanophyte,PHYT,Cyanophyta,Microcystaceae,Woronichinia,compacta,Wor.com
Buffalo Pound,0.8,246,REP1,P1078,Planktothrix agardhii (Gom.) Anagnostidis and Komarek,255000,4282.73,594,6,16795,Cyanophyte,PHYT,Cyanophyta,Oscillatotiaceae,Planktothrix,agardhii,Pla.aga
Buffalo Pound,0.8,246,REP1,P1132,Anabaena crassa (Lemm.) Kom-Legn. & Crongerg,48000,833.23,325,10.1,17359,Cyanophyte,PHYT,Cyanophyta,Nostocaceae,Anabaena,crassa,Ana.cra
Buffalo Pound,0.8,246,REP1,P1133,Anabaena flos-aquae (Lyngb.) Breb. & Bornet,31000,141.93,235,6.1,4578.5,Cyanophyte,PHYT,Cyanophyta,Nostocaceae,Anabaena,flos-aquae,Ana.flo
Buffalo Pound,0.8,246,REP1,P2113,Pediastrum duplex Meyen,19000,33.25,0,0,1750,Chlorophyte,PHYT,Chlorophyta,Hydrodictyaceae,Pediastrum,duplex,Ped.dup
Buffalo Pound,0.8,246,REP1,P2130,Scenedesmus quadricauda (Turp.) Brebisson,277781,12.42,8,4,44.7,Chlorophyte,PHYT,Chlorophyta,Scenedesmaceae,Scenedesmus,quadricauda,Sce.qua
Buffalo Pound,0.8,246,REP1,P2132,Scenedesmus denticulatus Lagerhiem,158732,5.76,7.6,3.7,36.3,Chlorophyte,PHYT,Chlorophyta,Scenedesmaceae,Scenedesmus,denticulatus,Sce.den
Buffalo Pound,0.8,246,REP1,P2136,Dictyosphaerium pulchellum Wood,17460520,1974.78,6,6,113.1,Chlorophyte,PHYT,Chlorophyta,Oocystaceae,Dictyosphaerium,pulchellum,Dic.pul
Buffalo Pound,0.8,246,REP1,P2171,Closterium kuetzingii Brebisson,4000,10.63,188,6,2657.8,Chlorophyte,PHYT,Chlorophyta,Closteriaceae,Closterium,kuetzingii,Clo.kue
Buffalo Pound,0.8,246,REP1,P2178,Cosmarium sp.,1000,1.4,20,20,1396.3,Chlorophyte,PHYT,Chlorophyta,Desmidiaceae,Cosmarium,sp.,Cos.sp.
Buffalo Pound,0.8,246,REP1,P2193,Staurodesmus paradoxum Meyen,1000,1.94,23,21,1938.9,Chlorophyte,PHYT,Chlorophyta,Desmidiaceae,Staurodesmus,paradoxum,Sta.par
Buffalo Pound,0.8,246,REP1,P2204,Ankyra judayi (G.M. Smith) Fott,3214323,157.82,13,3.1,49.1,Chlorophyte,PHYT,Chlorophyta,Oocystaceae,Ankrya,judai,Ank.jud
Buffalo Pound,0.8,246,REP1,P2255,Selenastrum copricornutum Printz,11785851,128.47,7.2,1.7,10.9,Chlorophyte,PHYT,Chlorophyta,Selenastraceae,Selenastrum,copricornutum,Sel.cop
Buffalo Pound,0.8,246,REP1,P3301,Euglena acus Ehrenberg,1000,10.37,101,14,10365.2,Euglenophyte,PHYT,Euglenophyta,Euglenaceae,Euglena,acus,Eug.acu
Buffalo Pound,0.8,246,REP1,P4355,Chrysochromulina parva Lackey,6547695,428.22,5,5,65.4,Chrysophyte,PHYT,Chrysophyta,Prymnesiaceae,Chrysochromulina,parva,Chr.par
Buffalo Pound,0.8,246,REP1,P5508,Cyclotella pseudostelligera,1547637,888.65,7.15,14.3,574.2,Diatom,PHYT,Chrysophyta,Coscinodiscoideae,Cyclotella,psuedostelligera,Cyc.psu
Buffalo Pound,0.8,246,REP1,P5509,Cyclotella ocellata Pant.,1428588,143.57,4,8,100.5,Diatom,PHYT,Chrysophyta,Coscinodiscoideae,Cyclotella,ocellata,Cyc.oce
Buffalo Pound,0.8,246,REP1,P5515,Fragilaria crotonensis Kitton,71000,31.52,106,4,444,Diatom,PHYT,Chrysophyta,Fragilarioideae,Fragilaria,crotonensis,Fra.cro
Buffalo Pound,0.8,246,REP1,P5530,Stephanodiscus niagarae Ehrenberg,11000,359.34,27.5,55,32667.7,Diatom,PHYT,Chrysophyta,Coscinodiscoideae,Stephanodiscus,niagarae,Ste.nia
Buffalo Pound,0.8,246,REP1,P5540,Aulacoseira italica v subarctica (O. Muller) Simonsen,157000,1745.67,325,6.6,11118.9,Diatom,PHYT,Chrysophyta,Melosiroideae,Aulacoseira,italica,Aul.ita
Buffalo Pound,0.8,246,REP1,P5551,Cyclotella michiganiana Skvortzow,20516111,391.86,2.3,4.6,19.1,Diatom,PHYT,Chrysophyta,Coscinodiscoideae,Cyclotella,michiganiana,Cyc.mic
Buffalo Pound,0.8,246,REP1,P6558,Cryptomonas erosa Ehrenberg,52000,73.18,28,12,1407.4,Cryptophyte,PHYT,Pyrrhophyta,Cryptomonadaceae,Cryptomonas,erosa,Cry.ero
Buffalo Pound,0.8,246,REP1,P6568,Katablepharis ovalis Skuja,79366,6.05,7.9,7,76.2,Cryptophyte,PHYT,Pyrrhophyta,Katablepharidaceae,Katablepharis,ovalis,Kat.ova
Buffalo Pound,0.8,246,REP1,P7644,Ceratium hirundinella (Muller) Schrank,14000,703.72,60,40,50265.5,Dinoflagellate,PHYT,Pyrrhophyta,Ceratiaceae,Ceratium,hirundenella,Cer.hir
Buffalo Pound,0.8,256,REP1,P1026,Merismopedia tenuissima Lemmermann,1190490,11.9,0,0,10,Cyanophyte,PHYT,Cyanophyta,Microcystaceae,Merismopedia,tenuissima,Mer.ten
Buffalo Pound,0.8,256,REP1,P1041,Aphanizomenon flos-aquae Ralfs and Born.,8000,22.12,220,4,2764.6,Cyanophyte,PHYT,Cyanophyta,Nostocaceae,Aphanizomenon,flos-aquae,Aph.flo
Buffalo Pound,0.8,256,REP1,P1075,Microcystis aeruginosa (Kutzing) Kutzing,6000,12.6,0,0,2100,Cyanophyte,PHYT,Cyanophyta,Microcystaceae,Microcystis,aeruginosa,Mic.aer
Buffalo Pound,0.8,256,REP1,P1076,Woronichinia compacta (Lemmermann) Komarek and Hindak,119000,89.25,0,0,750,Cyanophyte,PHYT,Cyanophyta,Microcystaceae,Woronichinia,compacta,Wor.com
Buffalo Pound,0.8,256,REP1,P1078,Planktothrix agardhii (Gom.) Anagnostidis and Komarek,614000,8593.42,495,6,13995.8,Cyanophyte,PHYT,Cyanophyta,Oscillatotiaceae,Planktothrix,agardhii,Pla.aga
Buffalo Pound,0.8,256,REP1,P1132,Anabaena crassa (Lemm.) Kom-Legn. & Crongerg,31000,576.87,335,10.3,18608.8,Cyanophyte,PHYT,Cyanophyta,Nostocaceae,Anabaena,crassa,Ana.cra
Buffalo Pound,0.8,256,REP1,P1133,Anabaena flos-aquae (Lyngb.) Breb. & Bornet,164000,1192.87,350,6.3,7273.6,Cyanophyte,PHYT,Cyanophyta,Nostocaceae,Anabaena,flos-aquae,Ana.flo
Buffalo Pound,0.8,256,REP1,P2105,Chlamydomonas spp.,79366,4.19,6.3,4,52.8,Chlorophyte,PHYT,Chlorophyta,Chlamydomonadaceae,Chlamydomonas,spp.,Chl.spp
Buffalo Pound,0.8,256,REP1,P2109,Volvox aureus  Ehrenberg,4000,10.72,0,0,2680,Chlorophyte,PHYT,Chlorophyta,Volvocaceae,Volvox,aureus,Vol.aur
Buffalo Pound,0.8,256,REP1,P2113,Pediastrum duplex Meyen,23000,45.2,0,0,1965,Chlorophyte,PHYT,Chlorophyta,Hydrodictyaceae,Pediastrum,duplex,Ped.dup
Buffalo Pound,0.8,256,REP1,P2121,Oocystis lacustris Chodat,2698444,135.73,6,4,50.3,Chlorophyte,PHYT,Chlorophyta,Oocystaceae,Oocystis,lacustris,Ooc.lac
Buffalo Pound,0.8,256,REP1,P2130,Scenedesmus quadricauda (Turp.) Brebisson,1904784,72.76,8,3.7,38.2,Chlorophyte,PHYT,Chlorophyta,Scenedesmaceae,Scenedesmus,quadricauda,Sce.qua
Buffalo Pound,0.8,256,REP1,P2136,Dictyosphaerium pulchellum Wood,17698618,2001.71,6,6,113.1,Chlorophyte,PHYT,Chlorophyta,Oocystaceae,Dictyosphaerium,pulchellum,Dic.pul
Buffalo Pound,0.8,256,REP1,P2154,Coelastrum microporum Naegeli,2000,7,0,0,3500,Chlorophyte,PHYT,Chlorophyta,Coelastraceae,Coelastrum,microporum,Coe.mic
Buffalo Pound,0.8,256,REP1,P2171,Closterium kuetzingii Brebisson,9000,25.19,198,6,2799.2,Chlorophyte,PHYT,Chlorophyta,Closteriaceae,Closterium,kuetzingii,Clo.kue
Buffalo Pound,0.8,256,REP1,P2193,Staurodesmus paradoxum Meyen,1000,2.11,24,21,2111.2,Chlorophyte,PHYT,Chlorophyta,Desmidiaceae,Staurodesmus,paradoxum,Sta.par
Buffalo Pound,0.8,256,REP1,P2235,Ankistrodesmus spiralis Lemmermann,1627003,79.24,31,2,48.7,Chlorophyte,PHYT,Chlorophyta,Oocystaceae,Ankistrodesmus,spiralis,Ank.spi
Buffalo Pound,0.8,256,REP1,P2255,Selenastrum copricornutum Printz,21865333,231.77,7,1.7,10.6,Chlorophyte,PHYT,Chlorophyta,Selenastraceae,Selenastrum,copricornutum,Sel.cop
Buffalo Pound,0.8,256,REP1,P3301,Euglena acus Ehrenberg,6000,43.43,96,12,7238.2,Euglenophyte,PHYT,Euglenophyta,Euglenaceae,Euglena,acus,Eug.acu
Buffalo Pound,0.8,256,REP1,P4351,Small chrysophyceae,238098,1.33,2.2,2.2,5.6,Chrysophyte,PHYT,Chrysophyta,.,Small chrysophyceae,.,Sma..
Buffalo Pound,0.8,256,REP1,P5508,Cyclotella pseudostelligera,3015908,1998.64,7.5,15,662.7,Diatom,PHYT,Chrysophyta,Coscinodiscoideae,Cyclotella,psuedostelligera,Cyc.psu
Buffalo Pound,0.8,256,REP1,P5509,Cyclotella ocellata Pant.,1071441,107.68,4,8,100.5,Diatom,PHYT,Chrysophyta,Coscinodiscoideae,Cyclotella,ocellata,Cyc.oce
Buffalo Pound,0.8,256,REP1,P5515,Fragilaria crotonensis Kitton,11000,4.52,98,4,410.5,Diatom,PHYT,Chrysophyta,Fragilarioideae,Fragilaria,crotonensis,Fra.cro
Buffalo Pound,0.8,256,REP1,P5530,Stephanodiscus niagarae Ehrenberg,5000,163.34,27.5,55,32667.7,Diatom,PHYT,Chrysophyta,Coscinodiscoideae,Stephanodiscus,niagarae,Ste.nia
Buffalo Pound,0.8,256,REP1,P5540,Aulacoseira italica v subarctica (O. Muller) Simonsen,30000,236.06,230,6.6,7868.7,Diatom,PHYT,Chrysophyta,Melosiroideae,Aulacoseira,italica,Aul.ita
Buffalo Pound,0.8,256,REP1,P5551,Cyclotella michiganiana Skvortzow,6785793,129.61,2.3,4.6,19.1,Diatom,PHYT,Chrysophyta,Coscinodiscoideae,Cyclotella,michiganiana,Cyc.mic
Buffalo Pound,0.8,256,REP1,P6554,Rhodomonas minuta Skuja,277781,19.64,10,4.5,70.7,Cryptophyte,PHYT,Pyrrhophyta,Cryptomonadaceae,Rhodomonas,minuta,Rho.min
Buffalo Pound,0.8,256,REP1,P6558,Cryptomonas erosa Ehrenberg,21000,27.44,26,12,1306.9,Cryptophyte,PHYT,Pyrrhophyta,Cryptomonadaceae,Cryptomonas,erosa,Cry.ero
Buffalo Pound,0.8,256,REP1,P6568,Katablepharis ovalis Skuja,79366,3.2,7.6,4,40.3,Cryptophyte,PHYT,Pyrrhophyta,Katablepharidaceae,Katablepharis,ovalis,Kat.ova
Buffalo Pound,0.8,256,REP1,P7640,Peridinium goslaviense Woloszynska,1000,33.51,40,40,33510.3,Dinoflagellate,PHYT,Pyrrhophyta,Peridiniaceae,Peridinium,goslaviense,Per.gos
Buffalo Pound,0.8,260,REP1,P1026,Merismopedia tenuissima Lemmermann,1031758,10.32,0,0,10,Cyanophyte,PHYT,Cyanophyta,Microcystaceae,Merismopedia,tenuissima,Mer.ten
Buffalo Pound,0.8,260,REP1,P1076,Woronichinia compacta (Lemmermann) Komarek and Hindak,495000,346.5,0,0,700,Cyanophyte,PHYT,Cyanophyta,Microcystaceae,Woronichinia,compacta,Wor.com
Buffalo Pound,0.8,260,REP1,P1078,Planktothrix agardhii (Gom.) Anagnostidis and Komarek,630000,6412.64,360,6,10178.8,Cyanophyte,PHYT,Cyanophyta,Oscillatotiaceae,Planktothrix,agardhii,Pla.aga
Buffalo Pound,0.8,260,REP1,P1132,Anabaena crassa (Lemm.) Kom-Legn. & Crongerg,11000,135.65,222,10.3,12331.8,Cyanophyte,PHYT,Cyanophyta,Nostocaceae,Anabaena,crassa,Ana.cra
Buffalo Pound,0.8,260,REP1,P1133,Anabaena flos-aquae (Lyngb.) Breb. & Bornet,21000,101.34,225,6.4,4825.5,Cyanophyte,PHYT,Cyanophyta,Nostocaceae,Anabaena,flos-aquae,Ana.flo
Buffalo Pound,0.8,260,REP1,P2113,Pediastrum duplex Meyen,16000,49.6,0,0,3100,Chlorophyte,PHYT,Chlorophyta,Hydrodictyaceae,Pediastrum,duplex,Ped.dup
Buffalo Pound,0.8,260,REP1,P2136,Dictyosphaerium pulchellum Wood,7341355,830.31,6,6,113.1,Chlorophyte,PHYT,Chlorophyta,Oocystaceae,Dictyosphaerium,pulchellum,Dic.pul
Buffalo Pound,0.8,260,REP1,P2154,Coelastrum microporum Naegeli,2000,5.36,0,0,2680,Chlorophyte,PHYT,Chlorophyta,Coelastraceae,Coelastrum,microporum,Coe.mic
Buffalo Pound,0.8,260,REP1,P2171,Closterium kuetzingii Brebisson,4000,13.21,193,6.6,3301.5,Chlorophyte,PHYT,Chlorophyta,Closteriaceae,Closterium,kuetzingii,Clo.kue
Buffalo Pound,0.8,260,REP1,P2174,Closterium sp.,9000,4.86,86,4,540.4,Chlorophyte,PHYT,Chlorophyta,Closteriaceae,Closterium,sp.,Clo.sp.
Buffalo Pound,0.8,260,REP1,P2204,Ankyra judayi (G.M. Smith) Fott,1349222,71.24,14,3.1,52.8,Chlorophyte,PHYT,Chlorophyta,Oocystaceae,Ankrya,judai,Ank.jud
Buffalo Pound,0.8,260,REP1,P3301,Euglena acus Ehrenberg,5000,31.99,101,11,6398.9,Euglenophyte,PHYT,Euglenophyta,Euglenaceae,Euglena,acus,Eug.acu
Buffalo Pound,0.8,260,REP1,P4351,Small chrysophyceae,3214323,18,2.2,2.2,5.6,Chrysophyte,PHYT,Chrysophyta,.,Small chrysophyceae,.,Sma..
Buffalo Pound,0.8,260,REP1,P4355,Chrysochromulina parva Lackey,39683,2.6,5,5,65.4,Chrysophyte,PHYT,Chrysophyta,Prymnesiaceae,Chrysochromulina,parva,Chr.par
Buffalo Pound,0.8,260,REP1,P5508,Cyclotella pseudostelligera,1587320,684.77,6.5,13,431.4,Diatom,PHYT,Chrysophyta,Coscinodiscoideae,Cyclotella,psuedostelligera,Cyc.psu
Buffalo Pound,0.8,260,REP1,P5509,Cyclotella ocellata Pant.,9563603,961.14,4,8,100.5,Diatom,PHYT,Chrysophyta,Coscinodiscoideae,Cyclotella,ocellata,Cyc.oce
Buffalo Pound,0.8,260,REP1,P5515,Fragilaria crotonensis Kitton,15000,6.28,100,4,418.9,Diatom,PHYT,Chrysophyta,Fragilarioideae,Fragilaria,crotonensis,Fra.cro
Buffalo Pound,0.8,260,REP1,P5530,Stephanodiscus niagarae Ehrenberg,1000,26.05,25.5,51,26046,Diatom,PHYT,Chrysophyta,Coscinodiscoideae,Stephanodiscus,niagarae,Ste.nia
Buffalo Pound,0.8,260,REP1,P5540,Aulacoseira italica v subarctica (O. Muller) Simonsen,15000,118.22,245,6.4,7881.6,Diatom,PHYT,Chrysophyta,Melosiroideae,Aulacoseira,italica,Aul.ita
Buffalo Pound,0.8,260,REP1,P5551,Cyclotella michiganiana Skvortzow,7896917,131.88,2.2,4.4,16.7,Diatom,PHYT,Chrysophyta,Coscinodiscoideae,Cyclotella,michiganiana,Cyc.mic
Buffalo Pound,0.8,260,REP1,P6554,Rhodomonas minuta Skuja,515879,43.23,9.6,5,83.8,Cryptophyte,PHYT,Pyrrhophyta,Cryptomonadaceae,Rhodomonas,minuta,Rho.min
Buffalo Pound,0.8,260,REP1,P7640,Peridinium goslaviense Woloszynska,1000,33.51,40,40,33510.3,Dinoflagellate,PHYT,Pyrrhophyta,Peridiniaceae,Peridinium,goslaviense,Per.gos
Buffalo Pound,0.8,269,REP1,P1026,Merismopedia tenuissima Lemmermann,5476254,54.76,0,0,10,Cyanophyte,PHYT,Cyanophyta,Microcystaceae,Merismopedia,tenuissima,Mer.ten
Buffalo Pound,0.8,269,REP1,P1075,Microcystis aeruginosa (Kutzing) Kutzing,4000,12,0,0,3000,Cyanophyte,PHYT,Cyanophyta,Microcystaceae,Microcystis,aeruginosa,Mic.aer
Buffalo Pound,0.8,269,REP1,P1076,Woronichinia compacta (Lemmermann) Komarek and Hindak,315000,157.5,0,0,500,Cyanophyte,PHYT,Cyanophyta,Microcystaceae,Woronichinia,compacta,Wor.com
Buffalo Pound,0.8,269,REP1,P1078,Planktothrix agardhii (Gom.) Anagnostidis and Komarek,1035000,12876.12,440,6,12440.7,Cyanophyte,PHYT,Cyanophyta,Oscillatotiaceae,Planktothrix,agardhii,Pla.aga
Buffalo Pound,0.8,269,REP1,P1132,Anabaena crassa (Lemm.) Kom-Legn. & Crongerg,18000,336.4,330,10.4,18688.7,Cyanophyte,PHYT,Cyanophyta,Nostocaceae,Anabaena,crassa,Ana.cra
Buffalo Pound,0.8,269,REP1,P1133,Anabaena flos-aquae (Lyngb.) Breb. & Bornet,5000,23.95,210,6.6,4789.7,Cyanophyte,PHYT,Cyanophyta,Nostocaceae,Anabaena,flos-aquae,Ana.flo
Buffalo Pound,0.8,269,REP1,P2105,Chlamydomonas spp.,3809568,188.19,5.9,4,49.4,Chlorophyte,PHYT,Chlorophyta,Chlamydomonadaceae,Chlamydomonas,spp.,Chl.spp
Buffalo Pound,0.8,269,REP1,P2113,Pediastrum duplex Meyen,20000,39.3,0,0,1965,Chlorophyte,PHYT,Chlorophyta,Hydrodictyaceae,Pediastrum,duplex,Ped.dup
Buffalo Pound,0.8,269,REP1,P2121,Oocystis lacustris Chodat,5992133,301.4,6,4,50.3,Chlorophyte,PHYT,Chlorophyta,Oocystaceae,Oocystis,lacustris,Ooc.lac
Buffalo Pound,0.8,269,REP1,P2130,Scenedesmus quadricauda (Turp.) Brebisson,11150923,491.76,7.9,4,44.1,Chlorophyte,PHYT,Chlorophyta,Scenedesmaceae,Scenedesmus,quadricauda,Sce.qua
Buffalo Pound,0.8,269,REP1,P2136,Dictyosphaerium pulchellum Wood,10635044,1202.82,6,6,113.1,Chlorophyte,PHYT,Chlorophyta,Oocystaceae,Dictyosphaerium,pulchellum,Dic.pul
Buffalo Pound,0.8,269,REP1,P2174,Closterium sp.,4000,1.78,71,4,446.1,Chlorophyte,PHYT,Chlorophyta,Closteriaceae,Closterium,sp.,Clo.sp.
Buffalo Pound,0.8,269,REP1,P2193,Staurodesmus paradoxum Meyen,1000,1.46,21,19,1462.4,Chlorophyte,PHYT,Chlorophyta,Desmidiaceae,Staurodesmus,paradoxum,Sta.par
Buffalo Pound,0.8,269,REP1,P2222,Treubaria sp.,79366,1.12,3,3,14.1,Chlorophyte,PHYT,Chlorophyta,Oocystaceae,Treubaria,sp.,Tre.sp.
Buffalo Pound,0.8,269,REP1,P2235,Ankistrodesmus spiralis Lemmermann,515879,28.37,35,2,55,Chlorophyte,PHYT,Chlorophyta,Oocystaceae,Ankistrodesmus,spiralis,Ank.spi
Buffalo Pound,0.8,269,REP1,P2255,Selenastrum copricornutum Printz,18531961,196.44,7,1.7,10.6,Chlorophyte,PHYT,Chlorophyta,Selenastraceae,Selenastrum,copricornutum,Sel.cop
Buffalo Pound,0.8,269,REP1,P3301,Euglena acus Ehrenberg,4000,21.15,101,10,5288.3,Euglenophyte,PHYT,Euglenophyta,Euglenaceae,Euglena,acus,Eug.acu
Buffalo Pound,0.8,269,REP1,P4351,Small chrysophyceae,2222248,10.67,2.1,2.1,4.8,Chrysophyte,PHYT,Chrysophyta,.,Small chrysophyceae,.,Sma..
Buffalo Pound,0.8,269,REP1,P4355,Chrysochromulina parva Lackey,2698444,176.48,5,5,65.4,Chrysophyte,PHYT,Chrysophyta,Prymnesiaceae,Chrysochromulina,parva,Chr.par
Buffalo Pound,0.8,269,REP1,P5509,Cyclotella ocellata Pant.,2460346,256.61,4.05,8.1,104.3,Diatom,PHYT,Chrysophyta,Coscinodiscoideae,Cyclotella,ocellata,Cyc.oce
Buffalo Pound,0.8,269,REP1,P5515,Fragilaria crotonensis Kitton,2000,0.8,96,4,402.1,Diatom,PHYT,Chrysophyta,Fragilarioideae,Fragilaria,crotonensis,Fra.cro
Buffalo Pound,0.8,269,REP1,P5516,Fragilaria construens (Ehrenberg) Grunow,69000,10.41,36,4,150.8,Diatom,PHYT,Chrysophyta,Fragilarioideae,Fragilaria,construens,Fra.con
Buffalo Pound,0.8,269,REP1,P5530,Stephanodiscus niagarae Ehrenberg,3000,87.7,26.5,53,29231.9,Diatom,PHYT,Chrysophyta,Coscinodiscoideae,Stephanodiscus,niagarae,Ste.nia
Buffalo Pound,0.8,269,REP1,P5540,Aulacoseira italica v subarctica (O. Muller) Simonsen,5000,51.32,300,6.6,10263.6,Diatom,PHYT,Chrysophyta,Melosiroideae,Aulacoseira,italica,Aul.ita
Buffalo Pound,0.8,269,REP1,P5551,Cyclotella michiganiana Skvortzow,6785793,156.75,2.45,4.9,23.1,Diatom,PHYT,Chrysophyta,Coscinodiscoideae,Cyclotella,michiganiana,Cyc.mic
Buffalo Pound,0.8,269,REP1,P6554,Rhodomonas minuta Skuja,1349222,78.39,9.9,4.1,58.1,Cryptophyte,PHYT,Pyrrhophyta,Cryptomonadaceae,Rhodomonas,minuta,Rho.min
Buffalo Pound,0.8,269,REP1,P6558,Cryptomonas erosa Ehrenberg,6000,8.54,28.3,12,1422.5,Cryptophyte,PHYT,Pyrrhophyta,Cryptomonadaceae,Cryptomonas,erosa,Cry.ero
Buffalo Pound,0.8,269,REP1,P6565,Cryptomonas rostratiformis Skuja,3000,7.18,35,14,2394.6,Cryptophyte,PHYT,Pyrrhophyta,Cryptomonadaceae,Cryptomonas,rostratiformis,Cry.ros
Buffalo Pound,0.8,269,REP1,P6568,Katablepharis ovalis Skuja,39683,1.77,8,4,44.7,Cryptophyte,PHYT,Pyrrhophyta,Katablepharidaceae,Katablepharis,ovalis,Kat.ova
Buffalo Pound,0.8,269,REP1,P7640,Peridinium goslaviense Woloszynska,1000,33.51,40,40,33510.3,Dinoflagellate,PHYT,Pyrrhophyta,Peridiniaceae,Peridinium,goslaviense,Per.gos
Buffalo Pound,0.8,276,REP1,P1026,Merismopedia tenuissima Lemmermann,19365304,193.65,0,0,10,Cyanophyte,PHYT,Cyanophyta,Microcystaceae,Merismopedia,tenuissima,Mer.ten
Buffalo Pound,0.8,276,REP1,P1076,Woronichinia compacta (Lemmermann) Komarek and Hindak,585000,409.5,0,0,700,Cyanophyte,PHYT,Cyanophyta,Microcystaceae,Woronichinia,compacta,Wor.com
Buffalo Pound,0.8,276,REP1,P1078,Planktothrix agardhii (Gom.) Anagnostidis and Komarek,1080000,18627.08,610,6,17247.3,Cyanophyte,PHYT,Cyanophyta,Oscillatotiaceae,Planktothrix,agardhii,Pla.aga
Buffalo Pound,0.8,276,REP1,P1132,Anabaena crassa (Lemm.) Kom-Legn. & Crongerg,5000,26.44,101,10,5288.3,Cyanophyte,PHYT,Cyanophyta,Nostocaceae,Anabaena,crassa,Ana.cra
Buffalo Pound,0.8,276,REP1,P1133,Anabaena flos-aquae (Lyngb.) Breb. & Bornet,1000,3.01,145,6.3,3013.3,Cyanophyte,PHYT,Cyanophyta,Nostocaceae,Anabaena,flos-aquae,Ana.flo
Buffalo Pound,0.8,276,REP1,P2109,Volvox aureus  Ehrenberg,1000,2.68,0,0,2680,Chlorophyte,PHYT,Chlorophyta,Volvocaceae,Volvox,aureus,Vol.aur
Buffalo Pound,0.8,276,REP1,P2113,Pediastrum duplex Meyen,7000,12.08,0,0,1725,Chlorophyte,PHYT,Chlorophyta,Hydrodictyaceae,Pediastrum,duplex,Ped.dup
Buffalo Pound,0.8,276,REP1,P2130,Scenedesmus quadricauda (Turp.) Brebisson,1746052,62.33,7.9,3.6,35.7,Chlorophyte,PHYT,Chlorophyta,Scenedesmaceae,Scenedesmus,quadricauda,Sce.qua
Buffalo Pound,0.8,276,REP1,P2132,Scenedesmus denticulatus Lagerhiem,2023833,90.47,8,4,44.7,Chlorophyte,PHYT,Chlorophyta,Scenedesmaceae,Scenedesmus,denticulatus,Sce.den
Buffalo Pound,0.8,276,REP1,P2136,Dictyosphaerium pulchellum Wood,7341355,830.31,6,6,113.1,Chlorophyte,PHYT,Chlorophyta,Oocystaceae,Dictyosphaerium,pulchellum,Dic.pul
Buffalo Pound,0.8,276,REP1,P2171,Closterium kuetzingii Brebisson,1000,2.8,198,6,2799.2,Chlorophyte,PHYT,Chlorophyta,Closteriaceae,Closterium,kuetzingii,Clo.kue
Buffalo Pound,0.8,276,REP1,P2174,Closterium sp.,6000,2.87,76,4,477.5,Chlorophyte,PHYT,Chlorophyta,Closteriaceae,Closterium,sp.,Clo.sp.
Buffalo Pound,0.8,276,REP1,P2255,Selenastrum copricornutum Printz,11428704,125.72,7.3,1.7,11,Chlorophyte,PHYT,Chlorophyta,Selenastraceae,Selenastrum,copricornutum,Sel.cop
Buffalo Pound,0.8,276,REP1,P3301,Euglena acus Ehrenberg,2000,10.37,99,10,5183.6,Euglenophyte,PHYT,Euglenophyta,Euglenaceae,Euglena,acus,Eug.acu
Buffalo Pound,0.8,276,REP1,P4351,Small chrysophyceae,1627003,22.94,3,3,14.1,Chrysophyte,PHYT,Chrysophyta,.,Small chrysophyceae,.,Sma..
Buffalo Pound,0.8,276,REP1,P4355,Chrysochromulina parva Lackey,2698444,176.48,5,5,65.4,Chrysophyte,PHYT,Chrysophyta,Prymnesiaceae,Chrysochromulina,parva,Chr.par
Buffalo Pound,0.8,276,REP1,P4358,Chrysostephanosphaera globulifera Scherffel,39683,13.21,8.6,8.6,333,Chrysophyte,PHYT,Chrysophyta,Rhizochrysidaceae,Chrysostephanospaera,globulifera,Chr.glo
Buffalo Pound,0.8,276,REP1,P5509,Cyclotella ocellata Pant.,555562,69.39,4.3,8.6,124.9,Diatom,PHYT,Chrysophyta,Coscinodiscoideae,Cyclotella,ocellata,Cyc.oce
Buffalo Pound,0.8,276,REP1,P5515,Fragilaria crotonensis Kitton,122000,49.06,96,4,402.1,Diatom,PHYT,Chrysophyta,Fragilarioideae,Fragilaria,crotonensis,Fra.cro
Buffalo Pound,0.8,276,REP1,P5540,Aulacoseira italica v subarctica (O. Muller) Simonsen,5000,44.49,245,6.8,8897.6,Diatom,PHYT,Chrysophyta,Melosiroideae,Aulacoseira,italica,Aul.ita
Buffalo Pound,0.8,276,REP1,P5551,Cyclotella michiganiana Skvortzow,4881009,119.58,2.5,5,24.5,Diatom,PHYT,Chrysophyta,Coscinodiscoideae,Cyclotella,michiganiana,Cyc.mic
Buffalo Pound,0.8,276,REP1,P6554,Rhodomonas minuta Skuja,238098,10.5,7.9,4,44.1,Cryptophyte,PHYT,Pyrrhophyta,Cryptomonadaceae,Rhodomonas,minuta,Rho.min
Buffalo Pound,0.8,276,REP1,P6558,Cryptomonas erosa Ehrenberg,11000,14.71,26.6,12,1337.1,Cryptophyte,PHYT,Pyrrhophyta,Cryptomonadaceae,Cryptomonas,erosa,Cry.ero
Buffalo Pound,0.8,276,REP1,P6568,Katablepharis ovalis Skuja,39683,1.64,7.7,4,41.4,Cryptophyte,PHYT,Pyrrhophyta,Katablepharidaceae,Katablepharis,ovalis,Kat.ova
Buffalo Pound,0.8,276,REP1,P7644,Ceratium hirundinella (Muller) Schrank,4000,201.06,60,40,50265.5,Dinoflagellate,PHYT,Pyrrhophyta,Ceratiaceae,Ceratium,hirundenella,Cer.hir
